ID,assembly_accession,matched downloads,pubmed_id,organism_name,strain,host,breed,location,sample_env,fermentation,methane_emissions,ftp_path,bioproject,biosample,refseq_category,taxid,species_taxid,assembly_level,seq_rel_date,asm_name,asm_submitter,gbrs_paired_asm,paired_asm_comp,excluded_from_refseq,relation_to_type_material,asm_not_live_date,genome_size,genome_size_ungapped,gc_percent,replicon_count,scaffold_count,contig_count,annotation_provider,annotation_name,annotation_date,total_gene_count,protein_coding_gene_count,non_coding_gene_count
1,GCF_017357525.1,GCF_017357525.1,11594621,Methanofollis aquaemaris,N2F9704,Fish Pond,Aquaculture,"Wang-gong, Taiwan",Water," N2:CO2 (4: 1), MGCL2, KCL, NaCL, CaCL2, K2HPO4, NH4Cl, cysteine hydrochloride, NaHCO3, yeast extract, tryptone, resazurin, Vitamin solution",NA,https://ftp.ncbi.nlm.nih.gov/genomes/all/GCF/017/357/525/GCF_017357525.1_ASM1735752v1,PRJNA224116,SAMN03254450,representative genome,126734,126734,Complete Genome,2021/03/16,ASM1735752v1,National Chung Hsing University,GCA_017357525.1,identical,na,assembly from type material,na,2746416,2746416,59.5,1,1,1,NCBI RefSeq,NCBI Prokaryotic Genome Annotation Pipeline (PGAP),11/16/22,2596,2524,56
2,GCF_000007185.1,GCF_000007185.1,11930014,Methanopyrus kandleri ,AV19,Sea floor,2000m deep black smoker (iron sulfide),,Sediment,"H2:CO2, 80-110 C",,https://ftp.ncbi.nlm.nih.gov/genomes/all/GCF/000/007/185/GCF_000007185.1_ASM718v1,PRJNA224116,SAMN02603235,representative genome,190192,2320,Complete Genome,2002/04/03,ASM718v1,Fidelity Systems,GCA_000007185.1,identical,na,assembly from type material,na,1694969,1694969,61,1,1,1,NCBI RefSeq,NCBI Prokaryotic Genome Annotation Pipeline (PGAP),11/01/22,1822,1774,40
3,GCF_000007345.1,GCF_000007345.1,11932238,Methanosarcina acetivorans ,C2A,Sediment,,,Sediment,HS broth medium containing 125 mM methanol plus 40 mM sodium acetat,,https://ftp.ncbi.nlm.nih.gov/genomes/all/GCF/000/007/345/GCF_000007345.1_ASM734v1,PRJNA224116,SAMN03081414,representative genome,188937,2214,Complete Genome,2002/04/03,ASM734v1,Broad Institute,GCA_000007345.1,identical,na,assembly from type material,na,5751492,5751492,42.5,1,1,1,NCBI RefSeq,NCBI Prokaryotic Genome Annotation Pipeline (PGAP),05/16/23,4910,4685,68
4,GCF_000007065.1,GCF_000007065.1,12125824,Methanosarcina mazei ,Go1,Sediment,Amazonian Flooded Area - Tucuruí hydropower station reservoir,Amazon,Sediment,"H2:CO2; (80 : 20), methanol, acetate",NA,https://ftp.ncbi.nlm.nih.gov/genomes/all/GCF/000/007/065/GCF_000007065.1_ASM706v1,PRJNA224116,SAMN02603290,representative genome,192952,2209,Complete Genome,2002/05/20,ASM706v1,Gottingen Genomics Laboratory,GCA_000007065.1,identical,na,na,na,4096345,4096345,41,1,1,1,NCBI RefSeq,NCBI Prokaryotic Genome Annotation Pipeline (PGAP),11/01/22,3506,3362,68
5,GCF_000011585.1,GCF_000011585.1,15466049,Methanococcus maripaludis ,S2,Salt Marsh,,,Sediment,,,https://ftp.ncbi.nlm.nih.gov/genomes/all/GCF/000/011/585/GCF_000011585.1_ASM1158v1,PRJNA224116,SAMEA3138215,na,267377,39152,Complete Genome,2004/03/04,ASM1158v1,University of Washington,GCA_000011585.1,identical,na,na,na,1661137,1661137,33,1,1,1,NCBI RefSeq,NCBI Prokaryotic Genome Annotation Pipeline (PGAP),12/30/22,1797,1744,50
6,GCF_000012545.1,GCF_000012545.1,16385054,Methanosphaera stadtmanae ,DSM 3091,Human,NA,Germany,Intestinal,"H2:CO2 (80:20), Sodium formate, rumen fluid. In anaerobic chamber 95% N2:5% H2, methanol added","4 g archaea/mol methane (Miller, T. L., and M. J. Wolin. 1985. Methanosphaera stadtmaniae gen. nov., sp. nov.—a species that forms methane by reducing methanol with hydrogen)",https://ftp.ncbi.nlm.nih.gov/genomes/all/GCF/000/012/545/GCF_000012545.1_ASM1254v1,PRJNA224116,SAMN02604180,na,339860,2317,Complete Genome,2006/01/05,ASM1254v1,University of Goettingen,GCA_000012545.1,identical,na,assembly from type material,na,1767403,1767403,27.5,1,1,1,NCBI RefSeq,NCBI Prokaryotic Genome Annotation Pipeline (PGAP),02/22/23,1605,1547,55
7,GCF_000063445.1,GCF_000063445.1,16857943,Methanocella arvoryzae ,MRE50,Rice rhizosphere/paddy soil,RC-I (Rice Cluster I),Italy,Sediment,"H2:CO2, anoxic mineral medium, yesat extract",,https://ftp.ncbi.nlm.nih.gov/genomes/all/GCF/000/063/445/GCF_000063445.1_ASM6344v1,PRJNA224116,SAMEA3138262,representative genome,351160,1175445,Complete Genome,2006/10/12,ASM6344v1,Max Planck Institute,GCA_000063445.1,identical,na,assembly from type material,na,3179916,3179916,54.5,1,1,1,NCBI RefSeq,NCBI Prokaryotic Genome Annotation Pipeline (PGAP),12/24/22,3190,3123,62
8,GCF_000011005.1,GCF_000011005.1,18398197,Methanocella paludicola ,SANAE,Rice paddy field,RC-I (Rice Cluster I),Japan,Sediment,"N2:CO2 (80:20), acetate, produces methane from H2 or formate",,https://ftp.ncbi.nlm.nih.gov/genomes/all/GCF/000/011/005/GCF_000011005.1_ASM1100v1,PRJNA224116,SAMD00060931,representative genome,304371,570267,Complete Genome,2009/12/25,ASM1100v1,NITE,GCA_000011005.1,identical,na,assembly from type material,na,2957635,2957635,54.5,1,1,1,NCBI RefSeq,NCBI Prokaryotic Genome Annotation Pipeline (PGAP),12/24/22,3102,3033,59
9,GCF_000016525.1,GCF_000016525.1,17563350,Methanobrevibacter smithii ,ATCC 35061; PS; DSMZ 861,Human,,Gut,Feces,,,https://ftp.ncbi.nlm.nih.gov/genomes/all/GCF/000/016/525/GCF_000016525.1_ASM1652v1,PRJNA224116,SAMN02604313,representative genome,420247,2173,Complete Genome,2007/06/04,ASM1652v1,Washington University Center for Genome Sciences,GCA_000016525.1,identical,na,assembly from type material,na,1853160,1853160,31,1,1,1,NCBI RefSeq,NCBI Prokaryotic Genome Annotation Pipeline (PGAP),03/25/23,1810,1746,45
10,GCF_000024185.1,GCF_000024185.1,20126622,Methanobrevibacter ruminantium ,M1,Bovine,NA - from German Collection of M&CC,Germany,Rumen,H2:CO2 (4:1),~290umol/tube (each tube with 0.5ml of active culture and gassed to 180kpa overpressure); GC analysis from 0.3 mL sample taken from headspace,https://ftp.ncbi.nlm.nih.gov/genomes/all/GCF/000/024/185/GCF_000024185.1_ASM2418v1,PRJNA224116,SAMN02603710,representative genome,634498,83816,Complete Genome,2010/02/05,ASM2418v1,Pastoral Greenhouse Gas Research Consortium,GCA_000024185.1,identical,na,assembly from type material,na,2937203,2937203,32.5,1,1,1,NCBI RefSeq,NCBI Prokaryotic Genome Annotation Pipeline (PGAP),11/10/22,2284,2205,63
11,GCF_000145295.1,GCF_000145295.1,20802048,Methanothermobacter marburgensis ,Marburg,Sewage,Anaerobic sludge,Germany,Sediment,,,https://ftp.ncbi.nlm.nih.gov/genomes/all/GCF/000/145/295/GCF_000145295.1_ASM14529v1,PRJNA224116,SAMN02603260,representative genome,79929,145263,Complete Genome,2010/08/11,ASM14529v1,Georg-August-University Goettingen,GCA_000145295.1,identical,na,assembly from type material,na,1639135,1639135,48.5,2,2,2,NCBI RefSeq,NCBI Prokaryotic Genome Annotation Pipeline (PGAP),02/22/23,1783,1718,49
12,GCF_000015825.1,GCF_000015825.1,21304656,Methanoculleus marisnigri ,JR1,Ocean ,Depth 0.5-20 cm,Black Sea,Sediment,"H2:CO2 (80:20), 30% distilled water and 70% sea water, formate, trypticase, vitamin solution, trace mineral solution, and VFA solution",NA,https://ftp.ncbi.nlm.nih.gov/genomes/all/GCF/000/015/825/GCF_000015825.1_ASM1582v1,PRJNA224116,SAMN02598365,representative genome,368407,2198,Complete Genome,2007/02/16,ASM1582v1,DOE Joint Genome Institute,GCA_000015825.1,identical,na,assembly from type material,na,2478101,2478101,62,1,1,1,NCBI RefSeq,NCBI Prokaryotic Genome Annotation Pipeline (PGAP),05/02/23,2516,2456,54
13,GCF_000015765.1,GCF_000015765.1,21304657,Methanocorpusculum labreanum ,Z,Lake,"Tar Pit Lake, Surface Sediment",USA (CA),Sediment ,"H2:CO2 (80:20), sodium formate, trypticase peptone, and salts",,https://ftp.ncbi.nlm.nih.gov/genomes/all/GCF/000/015/765/GCF_000015765.1_ASM1576v1,PRJNA224116,SAMN00623052,representative genome,410358,83984,Complete Genome,2007/02/01,ASM1576v1,DOE Joint Genome Institute,GCA_000015765.1,identical,na,assembly from type material,na,1804962,1804962,50,1,1,1,NCBI RefSeq,NCBI Prokaryotic Genome Annotation Pipeline (PGAP),05/02/23,1874,1799,64
14,GCF_000166095.1,GCF_000166095.1,21304736,Methanothermus fervidus,DSM 2088,Hot spring,,Iceland,Sediment,"H2:CO2, coenzyme M",,https://ftp.ncbi.nlm.nih.gov/genomes/all/GCF/000/166/095/GCF_000166095.1_ASM16609v1,PRJNA224116,SAMN02232040,representative genome,523846,2180,Complete Genome,2010/11/05,ASM16609v1,US DOE Joint Genome Institute (JGI-PGF),GCA_000166095.1,identical,na,assembly from type material,na,1243342,1243342,31.5,1,1,1,NCBI RefSeq,NCBI Prokaryotic Genome Annotation Pipeline (PGAP),05/02/23,1371,1306,49
15,GCF_000147875.1,GCF_000147875.1,21304750,Methanolacinia petrolearia,DSM 11571,Oil field,Offshore,Gulf of Guinea,Sediment,"H2:CO2, acetate, DSMZ medium 141",,https://ftp.ncbi.nlm.nih.gov/genomes/all/GCF/000/147/875/GCF_000147875.1_ASM14787v1,PRJNA224116,SAMN00017400,representative genome,679926,54120,Complete Genome,2010/09/17,ASM14787v1,US DOE Joint Genome Institute (JGI-PGF),GCA_000147875.1,identical,na,assembly from type material,na,2843290,2843290,47,1,1,1,NCBI RefSeq,NCBI Prokaryotic Genome Annotation Pipeline (PGAP),10/21/22,2865,2788,57
16,GCF_000204415.1,,21571998,Methanothrix soehngenii,GP6,,,,,,,https://ftp.ncbi.nlm.nih.gov/genomes/all/GCF/000/204/415/GCF_000204415.1_ASM20441v1,PRJNA224116,SAMN02604263,representative genome,990316,2223,Complete Genome,2011/04/15,ASM20441v1,University of Wisconsin-Parkside,GCA_000204415.1,identical,na,assembly from synonym type material,na,3026645,3026645,50.5,2,2,2,NCBI RefSeq,NCBI Prokaryotic Genome Annotation Pipeline (PGAP),01/01/23,3054,2941,57
17,GCF_000220645.1,GCF_000220645.1,21914896,Methanococcus maripaludis,X1,Oil reservoir,Petroleum reservoir,Malaysia,Water,,,https://ftp.ncbi.nlm.nih.gov/genomes/all/GCF/000/220/645/GCF_000220645.1_ASM22064v1,PRJNA224116,SAMN02603718,na,1053692,39152,Complete Genome,2011/07/14,ASM22064v1,"Ecosystem Sciences, Commonwealth Scientific and Industrial Research Organisation",GCA_000220645.1,identical,na,na,na,1746697,1746697,32.5,1,1,1,NCBI RefSeq,NCBI Prokaryotic Genome Annotation Pipeline (PGAP),12/19/22,1915,1853,47
18,GCF_000235565.1,,22590603,Methanothrix harundinacea,6Ac,UASB reactor,mesophilic,China,Sludge,,apparent “K S ” of the acetate conversion system to methane and carbon dioxide is 0.7 mmol/l,https://ftp.ncbi.nlm.nih.gov/genomes/all/GCF/000/235/565/GCF_000235565.1_ASM23556v1,PRJNA224116,SAMN02603883,representative genome,1110509,301375,Complete Genome,2011/11/16,ASM23556v1,"State Key Laboratory of Microbial Resources, Institute of Microbiology, Chinese Academy of Sciences",GCA_000235565.1,identical,na,na,na,2571034,2571034,60.5,2,2,2,NCBI RefSeq,NCBI Prokaryotic Genome Annotation Pipeline (PGAP),11/26/22,2560,2498,51
19,GCF_000300255.2,,23209209,Candidatus Methanomethylophilus alvus,Mx1201,Human,,Gut,Feces,"methanol and tri-, di-, and monomethylamine",,https://ftp.ncbi.nlm.nih.gov/genomes/all/GCF/000/300/255/GCF_000300255.2_ASM30025v2,PRJNA224116,SAMN03081445,representative genome,1236689,1291540,Complete Genome,2013/04/09,ASM30025v2,UniversitÃ© d'Auvergne,GCA_000300255.2,identical,na,na,na,1666795,1666795,55.5,1,1,1,NCBI RefSeq,NCBI Prokaryotic Genome Annotation Pipeline (PGAP),02/23/23,1675,1613,52
20,GCF_000341715.1,GCF_000341715.1,23704185,Methanosarcina mazei,Tuc01,Sediment,Amazonian Flooded Area - Tucuruí hydropower station reservoir,Amazon,Sediment,"H2:CO2; (80 : 20), methanol, acetate",NA,https://ftp.ncbi.nlm.nih.gov/genomes/all/GCF/000/341/715/GCF_000341715.1_ASM34171v1,PRJNA224116,SAMN02603746,na,1236903,2209,Complete Genome,2013/02/22,ASM34171v1,Rede Paraense de Genomica e Proteomica,GCA_000341715.1,identical,na,na,na,3427949,3427949,42,1,1,1,NCBI RefSeq,NCBI Prokaryotic Genome Annotation Pipeline (PGAP),04/17/23,3186,2961,53
21,GCA_000306725.1,,23760934,Methanolobus psychrophilus,R15,Freshwater Wetland,Zoige wetland,Tibetan Plateau,Sediment,"0–25°C, highest growth @ 18°C, PNPase",,https://ftp.ncbi.nlm.nih.gov/genomes/all/GCA/000/306/725/GCA_000306725.1_ASM30672v1,PRJNA74005,SAMN00739943,na,1094980,420950,Complete Genome,2012/10/18,ASM30672v1,Beijing Institute of Genomics,GCF_000306725.1,identical,contaminated; not used as type,na,na,3072769,3072769,44.5,1,1,1,Beijing Institute of Genomics,Annotation submitted by Beijing Institute of Genomics,na,3229,3167,62
22,GCF_000404225.1,,23846268,Candidatus Methanomassiliicoccus intestinalis,Issoire-Mx1,Human,,Gut,Feces,,,https://ftp.ncbi.nlm.nih.gov/genomes/all/GCF/000/404/225/GCF_000404225.1_ASM40422v1,PRJNA224116,SAMN03081468,na,1295009,1406512,Complete Genome,2013/06/03,ASM40422v1,Universite d'Auvergne,GCA_000404225.1,identical,na,na,na,1931651,1931651,41,1,1,1,NCBI RefSeq,NCBI Prokaryotic Genome Annotation Pipeline (PGAP),04/17/22,1895,1837,52
23,GCF_000214725.1,GCF_000214725.1,24449792,Methanobacterium paludis,SWAN1T,Peatland,circumneutral temperate minerotrophic fen,USA (NY),Sediment,H2:CO2,,https://ftp.ncbi.nlm.nih.gov/genomes/all/GCF/000/214/725/GCF_000214725.1_ASM21472v1,PRJNA224116,SAMN00713630,representative genome,868131,868131,Complete Genome,2011/05/24,ASM21472v1,US DOE Joint Genome Institute,GCA_000214725.1,identical,na,assembly from type material,na,2546541,2546541,35.5,1,1,1,NCBI RefSeq,NCBI Prokaryotic Genome Annotation Pipeline (PGAP),11/10/22,2493,2430,58
24,GCF_000191585.1,,24449792,Methanobacterium lacus,AL-21,Peatland,acidic boreal poor fen site,USA (AK),Sediment,H2:CO2,,https://ftp.ncbi.nlm.nih.gov/genomes/all/GCF/000/191/585/GCF_000191585.1_ASM19158v1,PRJNA224116,SAMN02232037,representative genome,877455,877455,Complete Genome,2011/03/07,ASM19158v1,US DOE Joint Genome Institute,GCA_000191585.1,identical,na,na,na,2583753,2583753,35.5,1,1,1,NCBI RefSeq,NCBI Prokaryotic Genome Annotation Pipeline (PGAP),11/10/22,2566,2503,51
25,GCF_000828575.1,,24983531,Methanothermobacter,CaT2,DSMZ,,USSR,Feces,"(Sekiguchi et al., 2000) with slight modifications; nitrilotriacetic acid was substituted with HCl, 0.01 g l−1 of AlCl3 was added in the trace elements solution, and nicotinic acid was substituted with 20 μM nicotinamide in the vitamin solution. ",0.83 mM day−1 (CaT2 with SI),https://ftp.ncbi.nlm.nih.gov/genomes/all/GCF/000/828/575/GCF_000828575.1_ASM82857v1,PRJNA224116,SAMD00060975,na,866790,866790,Complete Genome,2012/12/03,ASM82857v1,National Institute of Genetics,GCA_000828575.1,identical,na,na,na,1731018,1731018,49,2,2,2,NCBI RefSeq,NCBI Prokaryotic Genome Annotation Pipeline (PGAP),07/26/22,1829,1769,48
26,GCF_000327485.1,GCF_000327485.1,25189582,Methanoregula formicica,SMSP,UASB reactor,methanogenic granular sludge,Japan,Sludge,"H2, formate,",,https://ftp.ncbi.nlm.nih.gov/genomes/all/GCF/000/327/485/GCF_000327485.1_ASM32748v1,PRJNA224116,SAMN02232038,representative genome,593750,882104,Complete Genome,2012/12/21,ASM32748v1,DOE Joint Genome Institute,GCA_000327485.1,identical,na,assembly from type material,na,2820858,2820858,55,1,1,1,NCBI RefSeq,NCBI Prokaryotic Genome Annotation Pipeline (PGAP),12/07/22,2909,2837,53
27,GCF_000800805.1,,25501486,Candidatus Methanoplasma termitum,MpT1,Termites,,Intestinal Tract,Gut,"N2-CO2 (80:20) with dithiothreitol, acetate, formate, casamino acids, yeast extract, 2-mercaptoethanesulfonate","10-15 kPA depending on substrates, after 50 days",https://ftp.ncbi.nlm.nih.gov/genomes/all/GCF/000/800/805/GCF_000800805.1_ASM80080v1,PRJNA224116,SAMN03224143,representative genome,1577791,1577791,Complete Genome,2014/12/11,ASM80080v1,"Georg-August-University Goettingen, Genomic and Applied Microbiology, Goettingen Genomics Laboratory",GCA_000800805.1,identical,na,assembly from type material,na,1488669,1488669,49,1,1,1,NCBI RefSeq,NCBI Prokaryotic Genome Annotation Pipeline (PGAP),02/23/23,1456,1401,51
28,GCF_000739065.1,GCF_000739065.1,25634941,Methanocaldococcus bathoardescens,JH146,Hydrothermal Vent,"Volcanically active, deep-sea, basaltic rock",NE Pacific Ocean,Fluid,H2:CO2,,https://ftp.ncbi.nlm.nih.gov/genomes/all/GCF/000/739/065/GCF_000739065.1_ASM73906v1,PRJNA224116,SAMN02951366,representative genome,1301915,1301915,Complete Genome,2014/08/12,ASM73906v1,Kyung Hee University,GCA_000739065.1,identical,na,assembly from type material,na,1607556,1607556,30.5,1,1,1,NCBI RefSeq,NCBI Prokaryotic Genome Annotation Pipeline (PGAP),05/11/22,1720,1659,45
29,GCF_000251105.1,GCF_000251105.1,25727385;22493204;22530002,Methanocella conradii,HZ254,Rice soil,,China,Sediment,"H2:CO2, acetate",,https://ftp.ncbi.nlm.nih.gov/genomes/all/GCF/000/251/105/GCF_000251105.1_ASM25110v1,PRJNA224116,SAMN02603117,representative genome,1041930,1175444,Complete Genome,2012/03/07,ASM25110v1,China Agricultural University,GCA_000251105.1,identical,na,assembly from type material,na,2378438,2378438,52.5,1,1,1,NCBI RefSeq,NCBI Prokaryotic Genome Annotation Pipeline (PGAP),02/12/23,2569,2503,58
30,GCF_001027005.1,GCF_001027005.1,26413197,Methanosarcina barkeri,CM1,Cow,Friesian,New Zealand,Rumen,"H2:CO2 (80:20), sodium acetate, sodium formate, Vitamin 10 solution, rumen fluid","7.3 g archaea grown/mol methane produced (Wennerhold, J. 2004. Heterodisulfid-Reduktasen des Methanothermobacter-Typs in Methanosarcina barkeri und Untersuchungen zur Rolle des H2:Heterodisulfid-Oxidoreduktase-Komplex bei der Energiekonservierung in Methanothermobacter marburgensis) on H2 and CO2, and 4.6 on methanol and H2 (Müller, V., M. Blaut, and G. Gottschalk. 1986. Utilization of methanol plus hydrogen by Methanosarcina barkeri for methanogenesis and growth.)",https://ftp.ncbi.nlm.nih.gov/genomes/all/GCF/001/027/005/GCF_001027005.1_ASM102700v1,PRJNA224116,SAMN02866457,na,796385,2208,Complete Genome,2015/06/03,ASM102700v1,PGgRc,GCA_001027005.1,identical,na,na,na,4501171,4501171,39,1,1,1,NCBI RefSeq,NCBI Prokaryotic Genome Annotation Pipeline (PGAP),03/08/23,3802,3585,70
31,GCF_000021965.1,GCF_000021965.1,26543115,Methanosphaerula palustris,E1-9c,Peatland,Minerotrophic Fen,USA (NY),Sediment,"H2:CO2 1.0 mM titanium(III) nitrilotriacetate (48), 10 mM MES [2-(N-morpholino)ethane sulfonic acid (pKa = 6.2 at 28°C; 1 M stock solution adjusted to pH 7)], 0.5 mM coenzyme-M (2-mercapthoethanesulfonic acid), 0.5 mM sodium acetate, 100 μM fatty acid mixture (isobutyric, valeric, isovaleric, and dl-2-methyl butyric acid), 0.1 g liter−1 yeast extract, 1% (vol/vol) vitamin solution (4), 1 μmol H2S (added as sterile gas), and 10 mg liter−1 rifampin",4 mm/mol after 40 days,https://ftp.ncbi.nlm.nih.gov/genomes/all/GCF/000/021/965/GCF_000021965.1_ASM2196v1,PRJNA224116,SAMN00001866,representative genome,521011,475088,Complete Genome,2009/01/05,ASM2196v1,US DOE Joint Genome Institute (JGI-PGF),GCA_000021965.1,identical,na,assembly from type material,na,2922917,2922917,55,1,1,1,NCBI RefSeq,NCBI Prokaryotic Genome Annotation Pipeline (PGAP),12/18/22,2881,2751,70
32,GCF_000013445.1,GCF_000013445.1,26744606,Methanospirillum hungatei,JF-1,UASB reactor,waste digestor,USA (IL),Sludge,H2:CO2 or H2:formate,,https://ftp.ncbi.nlm.nih.gov/genomes/all/GCF/000/013/445/GCF_000013445.1_ASM1344v1,PRJNA224116,SAMN02598287,representative genome,323259,2203,Complete Genome,2006/02/17,ASM1344v1,DOE Joint Genome Institute,GCA_000013445.1,identical,na,assembly from type material,na,3544738,3544738,45,1,1,1,NCBI RefSeq,NCBI Prokaryotic Genome Annotation Pipeline (PGAP),03/07/23,3415,3317,67
33,GCF_001304615.2,GCF_001304615.2,26763977,Methanosarcina flavescens,E03.2,UASB reactor,Biogas plant,Germany,Sludge,"H2:CO2, and additionally cells could utilize acetate, methanol, moni-, di- and trimethylamine as carbon and energy source",no methanogenesis,https://ftp.ncbi.nlm.nih.gov/genomes/all/GCF/001/304/615/GCF_001304615.2_ASM130461v2,PRJNA224116,SAMN04074913,representative genome,1715806,1715806,Complete Genome,2018/10/16,ASM130461v2,BioPara,GCA_001304615.2,identical,na,assembly from type material,na,3283688,3283688,41,1,1,1,NCBI RefSeq,NCBI Prokaryotic Genome Annotation Pipeline (PGAP),11/01/22,2893,2774,63
34,GCF_001563245.1,GCF_001563245.1,27056228,Methanobrevibacter olleyae,YLM1,Lamb,,New Zealand,Rumen,CO2,,https://ftp.ncbi.nlm.nih.gov/genomes/all/GCF/001/563/245/GCF_001563245.1_ASM156324v1,PRJNA224116,SAMN04335716,representative genome,294671,294671,Complete Genome,2016/02/18,ASM156324v1,PGgRc,GCA_001563245.1,identical,na,na,na,2201192,2201192,26.5,1,1,1,NCBI RefSeq,NCBI Prokaryotic Genome Annotation Pipeline (PGAP),04/24/22,1910,1840,43
35,GCF_000091665.1,GCF_000091665.1,8688087,Methanocaldococcus jannaschii,DSM 2661,,,,,,,https://ftp.ncbi.nlm.nih.gov/genomes/all/GCF/000/091/665/GCF_000091665.1_ASM9166v1,PRJNA224116,SAMN02603984,representative genome,243232,2190,Complete Genome,1999/12/22,ASM9166v1,TIGR,GCA_000091665.1,identical,na,assembly from type material,na,1739927,1739927,31,3,3,3,NCBI RefSeq,NCBI Prokaryotic Genome Annotation Pipeline (PGAP),04/24/23,1904,1818,45
36,GCF_000008645.1,GCF_000008645.1,9371463,Methanothermobacter thermautotrophicus,Delta H,Sewage Sludge,,USA (IL),Sludge,H2:CO2,,https://ftp.ncbi.nlm.nih.gov/genomes/all/GCF/000/008/645/GCF_000008645.1_ASM864v1,PRJNA224116,SAMN02603244,na,187420,145262,Complete Genome,1999/12/22,ASM864v1,Genome Therapeutics Corporation,GCA_000008645.1,identical,na,assembly from type material,na,1751377,1751377,49.5,1,1,1,NCBI RefSeq,NCBI Prokaryotic Genome Annotation Pipeline (PGAP),03/24/23,1899,1805,48
37,GCF_010706455.1,GCF_010706455.1,31876088,Methanosarcina mazei,zm-15,Wetland,Natural ,Tibetan Plateau,Sediment,"H2 and acetate, added FE(II) and FE(III) in magnetite , believes it promotes methanogenesis",,https://ftp.ncbi.nlm.nih.gov/genomes/all/GCF/010/706/455/GCF_010706455.1_ASM1070645v1,PRJNA224116,SAMN12565415,na,2209,2209,Complete Genome,2020/02/18,ASM1070645v1,Peking University,GCA_010706455.1,identical,na,na,na,4323149,4323149,41,1,1,1,NCBI RefSeq,NCBI Prokaryotic Genome Annotation Pipeline (PGAP),03/14/23,3701,3536,68
38,GCF_900109595.1,GCF_900109595.1,Hungate 1000,Methanobrevibacter gottschalkii,DSM 11978,Pig,,USA ,Feces,,,https://ftp.ncbi.nlm.nih.gov/genomes/all/GCF/900/109/595/GCF_900109595.1_IMG-taxon_2654588138_annotated_assembly/,,,,,,,,,,,,,,,,,,,,,,,,,,
39,GCF_000350305.1,GCF_000350305.1,Hungate 1000,Thermoplasmatales archaeon,BRNA1,Cow,,Australia,Rumen,,,https://ftp.ncbi.nlm.nih.gov/genomes/all/GCF/000/350/305/GCF_000350305.1_ASM35030v1/,,,,,,,,,,,,,,,,,,,,,,,,,,
40,GCF_000711215.1,GCF_000711215.1,Hungate 1000,Methanomicrobium mobile,BP,Cow,,Australia,Rumen,,,https://ftp.ncbi.nlm.nih.gov/genomes/all/GCF/000/711/215/GCF_000711215.1_ASM71121v1/GCF_000711215.1_ASM71121v1_assembly_stats.txt,,,,,,,,,,,,,,,,,,,,,,,,,,
41,GCF_001481295.1,GCF_001481295.1,28963219,Candidatus Methanomethylophilus,1R26,Cow,Danish dairy cow,Denmark,Rumen,"Sodium acetate, sodium formate, trimethylamine, and methanol",,https://ftp.ncbi.nlm.nih.gov/genomes/all/GCF/001/481/295/GCF_001481295.1_ASM148129v1/,,,,,,,,,,,,,,,,,,,,,,,,,,
42,GCF_002252585.1,GCF_002252585.1,28963219,Methanobrevibacter smithii,WWM1085,Human,NA,USA,Gut,H2:CO2,,https://ftp.ncbi.nlm.nih.gov/genomes/all/GCF/002/252/585/GCF_002252585.1_ASM225258v1/,,,,,,,,,,,,,,,,,,,,,,,,,,
43,GCF_003111625.1,GCF_003111625.1,30210264,Methanobrevibacter thaueri,DSM 11995,Cow,NA - from German Collection of M&CC,,Rumen,,,https://ftp.ncbi.nlm.nih.gov/genomes/all/GCF/003/111/625/GCF_003111625.1_ASM311162v1/,,,,,,,,,,,,,,,,,,,,,,,,,,
44,GCF_002287175.1,GCF_002287175.1,28826405,Methanobacterium bryantii,M.o.H.,,NA - from German Collection of M&CC,,,"H2, CO2, sodium acetate, sodium formate, yeast extract, bacto casitone",,https://ftp.ncbi.nlm.nih.gov/genomes/all/GCF/002/287/175/GCF_002287175.1_ASM228717v1/,,,,,,,,,,,,,,,,,,,,,,,,,,
45,GCA_001563305.1,GCA_001563305.1,27056226,methanogenic archaeon mixed culture,ISO4-G1,Sheep,NA (assuming Old Romney wether),New Zealand,Rumen,,,https://ftp.ncbi.nlm.nih.gov/genomes/all/GCA/001/563/305/GCA_001563305.1_ASM156330v1/,,,,,,,,,,,,,,,,,,,,,,,,,,
46,GCF_001560915.1,GCF_001560915.1,27602181,methanogenic archaeon,ISO4-H5,Sheep,Old romney wether,New Zealand,Rumen,80:20 mixture of H2: carbon dioxide,,https://ftp.ncbi.nlm.nih.gov/genomes/all/GCF/001/560/915/GCF_001560915.1_ASM156091v1/,,,,,,,,,,,,,,,,,,,,,,,,,,
47,GCF_000320505.1,GCF_000320505.1,23469331,Methanobrevibacter boviskoreani,JH1,Cattle,Korean native HanWoo,Korea,Rumen,"H2, CO2, Formate",NA,https://ftp.ncbi.nlm.nih.gov/genomes/all/GCF/000/320/505/GCF_000320505.1_ASM32050v2/,,,,,,,,,,,,,,,,,,,,,,,,,,
48,GCF_001729965.1,GCF_001729965.1,27022996,Methanosphaera,WGK6,Kangaroo,Western grey,Australia,Rumen,Methanol+H2 and Methanol+Ethanol,GC analysis; 2.4 and 4.0 g/mol methane produced with methanol:H2 and methanol:ethanol respectively,https://ftp.ncbi.nlm.nih.gov/genomes/all/GCF/001/729/965/GCF_001729965.1_ASM172996v1/,,,,,,,,,,,,,,,,,,,,,,,,,,
49,GCF_902387285.1,,23209209,Candidatus Methanomethylophilus alvus,Mx1201,Human,,France,Feces,,,https://ftp.ncbi.nlm.nih.gov/genomes/all/GCF/902/387/285/GCF_902387285.1_UHGG_MGYG-HGUT-02456,PRJNA224116,SAMEA5851961,na,1291540,1291540,Complete Genome,2019/08/10,UHGG_MGYG-HGUT-02456,EMG,GCA_902387285.1,identical,na,na,na,1666795,1666795,55.5,1,1,1,NCBI RefSeq,NCBI Prokaryotic Genome Annotation Pipeline (PGAP),04/06/23,1678,1616,52
50,GCF_003268005.1,GCF_003268005.1,30068938,Methanosphaera,BMS,Steer,Brahman,Australia,Rumen,"Methanol+H2, penicillin",NA; 2 mL of the headspace gases were collected and analyzed for methane gas formation ,https://ftp.ncbi.nlm.nih.gov/genomes/all/GCF/003/268/005/GCF_003268005.1_ASM326800v1,PRJNA224116,SAMN04445725,na,1789762,1789762,Complete Genome,2018/06/26,ASM326800v1,University of Queensland,GCA_003268005.1,identical,na,na,na,2868093,2868093,32.5,1,1,1,NCBI RefSeq,NCBI Prokaryotic Genome Annotation Pipeline (PGAP),03/27/22,2254,2198,46
51,GCF_003052125.1,GCF_003052125.1,NA,Methanococcus maripaludis,OS7mut1,,,,,,,https://ftp.ncbi.nlm.nih.gov/genomes/all/GCF/003/052/125/GCF_003052125.1_ASM305212v1,PRJNA224116,SAMN06562580,na,39152,39152,Complete Genome,2018/04/16,ASM305212v1,Kagoshima University,GCA_003052125.1,identical,na,na,na,1737606,1737606,32.5,1,1,1,NCBI RefSeq,NCBI Prokaryotic Genome Annotation Pipeline (PGAP),03/27/22,1882,1821,46
52,GCF_902383905.1,,NA,Candidatus Methanomassiliicoccus intestinalis,na,,,,,,,https://ftp.ncbi.nlm.nih.gov/genomes/all/GCF/902/383/905/GCF_902383905.1_UHGG_MGYG-HGUT-02160,PRJNA224116,SAMEA5851664,representative genome,1406512,1406512,Complete Genome,2019/08/10,UHGG_MGYG-HGUT-02160,EMG,GCA_902383905.1,identical,na,na,na,1931651,1931651,41,1,1,1,NCBI RefSeq,NCBI Prokaryotic Genome Annotation Pipeline (PGAP),04/06/23,1896,1838,52
53,GCF_003351865.1,,NA,Methanofervidicoccus,A16,,,,,,,https://ftp.ncbi.nlm.nih.gov/genomes/all/GCF/003/351/865/GCF_003351865.1_ASM335186v1,PRJNA224116,SAMN07281457,na,2607662,2607662,Complete Genome,2018/08/01,ASM335186v1,The Third Institute of State Oceanic Administration (SOA),GCA_003351865.1,identical,na,na,na,1504113,1504113,35,1,1,1,NCBI RefSeq,NCBI Prokaryotic Genome Annotation Pipeline (PGAP),07/06/22,1369,1316,44
54,GCF_902384015.1,GCF_902384015.1,NA,Methanosphaera stadtmanae,na,,,,,,,https://ftp.ncbi.nlm.nih.gov/genomes/all/GCF/902/384/015/GCF_902384015.1_UHGG_MGYG-HGUT-02164,PRJNA224116,SAMEA5851668,representative genome,2317,2317,Complete Genome,2019/08/10,UHGG_MGYG-HGUT-02164,EMG,GCA_902384015.1,identical,na,na,na,1767403,1767403,27.5,1,1,1,NCBI RefSeq,NCBI Prokaryotic Genome Annotation Pipeline (PGAP),12/27/22,1601,1543,55
55,GCF_022846175.1,GCF_022846175.1,NA,Methanobrevibacter smithii,CE91-St68,,,,,,,https://ftp.ncbi.nlm.nih.gov/genomes/all/GCF/022/846/175/GCF_022846175.1_ASM2284617v1,PRJNA224116,SAMD00389910,na,2173,2173,Complete Genome,2022/02/04,ASM2284617v1,"Laboratory for Microbiome Sciences, Center for Integrative Medical Sciences, RIKEN",GCA_022846175.1,identical,na,na,na,1791155,1791155,31,1,1,1,NCBI RefSeq,NCBI Prokaryotic Genome Annotation Pipeline (PGAP),04/21/23,1739,1681,44
56,GCF_900095295.1,,NA,Methanobacterium congolense,na,,,,,,,https://ftp.ncbi.nlm.nih.gov/genomes/all/GCF/900/095/295/GCF_900095295.1_MCBB,PRJNA224116,SAMEA4378819,representative genome,118062,118062,Complete Genome,2016/09/08,MCBB,CEBITEC,GCA_900095295.1,identical,na,na,na,2469575,2469575,38,2,2,2,NCBI RefSeq,NCBI Prokaryotic Genome Annotation Pipeline (PGAP),12/24/22,2396,2332,58
57,GCF_002813675.1,GCF_002813675.1,NA,Methanobacterium,MZ-A1,,,,,,,https://ftp.ncbi.nlm.nih.gov/genomes/all/GCF/002/813/675/GCF_002813675.1_ASM281367v1,PRJNA224116,SAMN05928841,na,1911685,1911685,Complete Genome,2017/12/07,ASM281367v1,Japan Agency for Marine-Earth Science and technology,GCA_002813675.1,identical,na,na,na,2524329,2524329,39,1,1,1,NCBI RefSeq,NCBI Prokaryotic Genome Annotation Pipeline (PGAP),03/27/22,2489,2420,52
58,GCF_002813655.1,GCF_002813655.1,NA,Methanobacterium subterraneum,MO-MB1,,,,,,,https://ftp.ncbi.nlm.nih.gov/genomes/all/GCF/002/813/655/GCF_002813655.1_ASM281365v1,PRJNA224116,SAMN05928840,na,59277,59277,Complete Genome,2017/12/07,ASM281365v1,Japan Agency for Marine-Earth Science and technology,GCA_002813655.1,identical,na,na,na,2506225,2506225,39,1,1,1,NCBI RefSeq,NCBI Prokaryotic Genome Annotation Pipeline (PGAP),03/27/22,2505,2419,52
59,GCF_002813085.1,GCF_002813085.1,NA,Methanobrevibacter smithii,KB11,,,,,,,https://ftp.ncbi.nlm.nih.gov/genomes/all/GCF/002/813/085/GCF_002813085.1_ASM281308v1,PRJNA224116,SAMN05935551,na,2173,2173,Complete Genome,2017/12/06,ASM281308v1,KRIBB,GCA_002813085.1,identical,na,na,na,1805545,1805545,31,1,1,1,NCBI RefSeq,NCBI Prokaryotic Genome Annotation Pipeline (PGAP),01/01/23,1785,1725,43
60,GCF_001889405.1,GCF_001889405.1,NA,Methanohalophilus halophilus,Z-7982,,,,,,,https://ftp.ncbi.nlm.nih.gov/genomes/all/GCF/001/889/405/GCF_001889405.1_ASM188940v1,PRJNA224116,SAMN05756399,representative genome,2177,2177,Complete Genome,2016/12/06,ASM188940v1,UBO,GCA_001889405.1,identical,na,assembly from type material,na,2022959,2022959,42,1,1,1,NCBI RefSeq,NCBI Prokaryotic Genome Annotation Pipeline (PGAP),04/28/23,2095,2027,55
61,GCF_001548675.1,GCF_001548675.1,NA,Methanobrevibacter,YE315,,,,,,,https://ftp.ncbi.nlm.nih.gov/genomes/all/GCF/001/548/675/GCF_001548675.1_ASM154867v1,PRJNA224116,SAMN03295748,na,1609968,1609968,Complete Genome,2016/02/04,ASM154867v1,Queensland Government,GCA_001548675.1,identical,na,na,na,2273296,2273296,34,1,1,1,NCBI RefSeq,NCBI Prokaryotic Genome Annotation Pipeline (PGAP),07/26/22,2128,2079,42
62,GCF_001477655.1,GCF_001477655.1,NA,Methanobrevibacter millerae,SM9,Sheep ,,New Zealand,Rumen,"H2:CO2 (80:20), CO2, Acetate",,https://ftp.ncbi.nlm.nih.gov/genomes/all/GCF/001/477/655/GCF_001477655.1_ASM147765v1,PRJNA224116,SAMN03438115,na,230361,230361,Complete Genome,2015/12/22,ASM147765v1,PGgRc,GCA_001477655.1,identical,na,na,na,2543538,2543538,31.5,1,1,1,NCBI RefSeq,NCBI Prokaryotic Genome Annotation Pipeline (PGAP),12/29/22,2374,2312,47
63,GCF_001458655.1,GCF_001458655.1,NA,Methanobacterium formicicum,na,,,,,,,https://ftp.ncbi.nlm.nih.gov/genomes/all/GCF/001/458/655/GCF_001458655.1_Mb9,PRJNA224116,SAMEA2779801,representative genome,2162,2162,Complete Genome,2015/11/16,Mb9,CEBITEC,GCA_001458655.1,identical,na,na,na,2494510,2494510,41,1,1,1,NCBI RefSeq,NCBI Prokaryotic Genome Annotation Pipeline (PGAP),12/24/22,2462,2401,55
64,GCF_000970325.1,,NA,Methanococcoides methylutens,MM1,,,,,,,https://ftp.ncbi.nlm.nih.gov/genomes/all/GCF/000/970/325/GCF_000970325.1_ASM97032v1,PRJNA224116,SAMN03074571,na,1434104,2226,Complete Genome,2015/04/07,ASM97032v1,University of Illinois at Urbana-Champaign,GCA_000970325.1,identical,na,na,na,2394636,2394636,44,1,1,1,NCBI RefSeq,NCBI Prokaryotic Genome Annotation Pipeline (PGAP),12/23/22,2376,2284,67
65,GCF_000970305.1,,NA,Methanosarcina barkeri,3,,,,,,,https://ftp.ncbi.nlm.nih.gov/genomes/all/GCF/000/970/305/GCF_000970305.1_ASM97030v1,PRJNA224116,SAMN03074574,na,1434107,2208,Complete Genome,2015/04/07,ASM97030v1,University of Illinois at Urbana-Champaign,GCA_000970305.1,identical,na,na,na,4560446,4560446,39,1,1,1,NCBI RefSeq,NCBI Prokaryotic Genome Annotation Pipeline (PGAP),12/17/22,3842,3710,68
66,GCF_000970285.1,GCF_000970285.1,NA,Methanosarcina horonobensis,HB-1,,,,,,,https://ftp.ncbi.nlm.nih.gov/genomes/all/GCF/000/970/285/GCF_000970285.1_ASM97028v1,PRJNA224116,SAMN03074578,representative genome,1434110,418008,Complete Genome,2015/04/07,ASM97028v1,University of Illinois at Urbana-Champaign,GCA_000970285.1,identical,na,assembly from type material,na,5018607,5018607,41,1,1,1,NCBI RefSeq,NCBI Prokaryotic Genome Annotation Pipeline (PGAP),03/12/23,4514,4347,69
67,GCF_000970265.1,,NA,Methanosarcina lacustris,Z-7289,,,,,,,https://ftp.ncbi.nlm.nih.gov/genomes/all/GCF/000/970/265/GCF_000970265.1_ASM97026v1,PRJNA224116,SAMN03074579,representative genome,1434111,170861,Complete Genome,2015/04/07,ASM97026v1,University of Illinois at Urbana-Champaign,GCA_000970265.1,identical,na,na,na,4139808,4139808,41.5,1,1,1,NCBI RefSeq,NCBI Prokaryotic Genome Annotation Pipeline (PGAP),12/29/22,3497,3318,67
68,GCF_002945325.1,GCF_002945325.1,NA,Methanococcus maripaludis,DSM 2067,Sediment,Salt Marsh Sediment,USA (SC),,"H2, CO2, formate, seawater (20–70% v/v) is requiredvbut can be replaced by >15 mM magnesium. Optimal growth occurs with 110 mM sodium",0.8-2.8 g/mol (https://www.ncbi.nlm.nih.gov/pmc/articles/PMC3624518/),https://ftp.ncbi.nlm.nih.gov/genomes/all/GCF/002/945/325/GCF_002945325.1_ASM294532v1,PRJNA224116,SAMN08466362,representative genome,39152,39152,Complete Genome,2018/02/12,ASM294532v1,Goettingen Genomics Laboratory,GCA_002945325.1,identical,na,assembly from type material,na,1714918,1714918,32.5,1,1,1,NCBI RefSeq,NCBI Prokaryotic Genome Annotation Pipeline (PGAP),03/24/23,1873,1819,50
69,GCF_002813695.1,GCF_002813695.1,NA,Methanobacterium subterraneum,A8p,,,,,,,https://ftp.ncbi.nlm.nih.gov/genomes/all/GCF/002/813/695/GCF_002813695.1_ASM281369v1,PRJNA224116,SAMN05928842,representative genome,59277,59277,Complete Genome,2017/12/07,ASM281369v1,Japan Agency for Marine-Earth Science and technology,GCA_002813695.1,identical,na,assembly from type material,na,2515817,2515817,39,1,1,1,NCBI RefSeq,NCBI Prokaryotic Genome Annotation Pipeline (PGAP),03/27/22,2480,2408,52
70,GCF_900036045.1,GCF_900036045.1,NA,Methanoculleus bourgensis,MAB1,Protein rich waste digestor,Mesophilic ,,,,,https://ftp.ncbi.nlm.nih.gov/genomes/all/GCF/900/036/045/GCF_900036045.1_Methanoculleus_sp_MAB1,PRJNA224116,SAMEA3857231,na,83986,83986,Complete Genome,2016/02/15,Methanoculleus sp MAB1,SLU,GCA_900036045.1,identical,na,na,na,2859299,2859299,60,1,1,1,NCBI RefSeq,NCBI Prokaryotic Genome Annotation Pipeline (PGAP),02/13/23,2951,2671,50
71,GCF_008033705.1,GCF_008033705.1,NA,Methanothermobacter,KEPCO-1,,,Sweden,,,,https://ftp.ncbi.nlm.nih.gov/genomes/all/GCF/008/033/705/GCF_008033705.1_ASM803370v1,PRJNA224116,SAMN12569397,na,2603820,2603820,Complete Genome,2019/08/20,ASM803370v1,Hanyang University,GCA_008033705.1,identical,na,na,na,1741029,1741029,48,1,1,1,NCBI RefSeq,NCBI Prokaryotic Genome Annotation Pipeline (PGAP),07/27/22,1872,1814,48
72,GCF_022846155.1,GCF_022846155.1,NA,Methanobrevibacter smithii,CE91-St67,,,,,,,https://ftp.ncbi.nlm.nih.gov/genomes/all/GCF/022/846/155/GCF_022846155.1_ASM2284615v1,PRJNA224116,SAMD00389909,na,2173,2173,Complete Genome,2022/02/04,ASM2284615v1,"Laboratory for Microbiome Sciences, Center for Integrative Medical Sciences, RIKEN",GCA_022846155.1,identical,na,na,na,1791153,1791153,31,1,1,1,NCBI RefSeq,NCBI Prokaryotic Genome Annotation Pipeline (PGAP),04/21/23,1738,1680,44
73,GCF_023167465.1,GCF_023167465.1,NA,Methanothermobacter tenebrarum,RMAS,,,,,,,https://ftp.ncbi.nlm.nih.gov/genomes/all/GCF/023/167/465/GCF_023167465.1_ASM2316746v1,PRJNA224116,SAMD00451045,representative genome,680118,680118,Complete Genome,2022/04/07,ASM2316746v1,"Faculty of Applied Biological Sciences, Gifu University",GCA_023167465.1,identical,na,assembly from type material,na,1495190,1495190,42,2,2,2,NCBI RefSeq,NCBI Prokaryotic Genome Annotation Pipeline (PGAP),05/15/23,1670,1611,45
74,GCF_023617305.1,,NA,Methanobrevibacter,TLL-48-HuF1,,,,,,,https://ftp.ncbi.nlm.nih.gov/genomes/all/GCF/023/617/305/GCF_023617305.1_ASM2361730v1,PRJNA224116,SAMN20829081,na,2870563,2870563,Complete Genome,2022/06/01,ASM2361730v1,Temasek Life Sciences Laboratory,GCA_023617305.1,identical,na,na,na,1951395,1951395,30,1,1,1,NCBI RefSeq,NCBI Prokaryotic Genome Annotation Pipeline (PGAP),06/02/22,1826,1765,44
75,GCF_024662215.1,GCF_024662215.1,NA,Methanoplanus endosymbiosus,DSM 3599,,,,,,,https://ftp.ncbi.nlm.nih.gov/genomes/all/GCF/024/662/215/GCF_024662215.1_ASM2466221v1,PRJNA224116,SAMN25349865,representative genome,33865,33865,Complete Genome,2022/08/15,ASM2466221v1,National Chung Hsing University,GCA_024662215.1,identical,na,assembly from type material,na,3163021,3163021,42,1,1,1,NCBI RefSeq,NCBI Prokaryotic Genome Annotation Pipeline (PGAP),08/15/22,2937,2838,77
76,GCF_025397995.1,GCF_025397995.1,NA,Methanothermobacter wolfeii,DSM 2970,,,,,,,https://ftp.ncbi.nlm.nih.gov/genomes/all/GCF/025/397/995/GCF_025397995.1_ASM2539799v1,PRJNA224116,SAMN30825859,representative genome,145261,145261,Complete Genome,2022/09/24,ASM2539799v1,NEB,GCA_025397995.1,identical,na,assembly from type material,na,1706705,1706705,48.5,1,1,1,NCBI RefSeq,NCBI Prokaryotic Genome Annotation Pipeline (PGAP),09/27/22,1888,1817,49
77,GCF_025449255.1,GCF_025449255.1,NA,Methanococcus aeolicus,PL15/HP,,,,,,,https://ftp.ncbi.nlm.nih.gov/genomes/all/GCF/025/449/255/GCF_025449255.1_ASM2544925v1,PRJNA224116,SAMN30825808,na,42879,42879,Complete Genome,2022/09/28,ASM2544925v1,NEB,GCA_025449255.1,identical,na,na,na,1677738,1677738,29.5,1,1,1,NCBI RefSeq,NCBI Prokaryotic Genome Annotation Pipeline (PGAP),09/29/22,1664,1595,49
78,GCF_025914035.1,,NA,Methanoculleus submarinus,DSM 15122,,,,,,,https://ftp.ncbi.nlm.nih.gov/genomes/all/GCF/025/914/035/GCF_025914035.1_ASM2591403v1,PRJNA224116,SAMN31309218,representative genome,204050,204050,Complete Genome,2022/10/31,ASM2591403v1,National Chung Hsing University,GCA_025914035.1,identical,na,assembly from type material,na,2462514,2462514,62,1,1,1,NCBI RefSeq,NCBI Prokaryotic Genome Annotation Pipeline (PGAP),11/01/22,2504,2446,53
79,GCF_021184045.1,GCF_021184045.1,NA,Methanococcoides orientis,LMO-1,,,,,,,https://ftp.ncbi.nlm.nih.gov/genomes/all/GCF/021/184/045/GCF_021184045.1_ASM2118404v1,PRJNA224116,SAMN18869927,representative genome,2822137,2822137,Complete Genome,2021/12/14,ASM2118404v1,Shanghai Jiao Tong University,GCA_021184045.1,identical,na,assembly from type material,na,2494162,2494162,42.5,1,1,1,NCBI RefSeq,NCBI Prokaryotic Genome Annotation Pipeline (PGAP),05/23/22,2447,2331,81
80,GCF_020885915.1,,NA,Candidatus Methanoliparum,LAM-1,,,,,,,https://ftp.ncbi.nlm.nih.gov/genomes/all/GCF/020/885/915/GCF_020885915.1_ASM2088591v1,PRJNA224116,SAMD00404886,na,2874846,2874846,Complete Genome,2021/11/10,ASM2088591v1,National Institute of Advanced Industrial Science and Technology (AIST),GCA_020885915.1,identical,na,na,na,1254503,1254503,35.5,1,1,1,NCBI RefSeq,NCBI Prokaryotic Genome Annotation Pipeline (PGAP),12/05/22,1385,1327,51
81,GCF_026684035.1,GCF_026684035.1,NA,Methanogenium organophilum,DSM 3596,,,,,,,https://ftp.ncbi.nlm.nih.gov/genomes/all/GCF/026/684/035/GCF_026684035.1_ASM2668403v1,PRJNA224116,SAMN31875339,representative genome,2199,2199,Complete Genome,2022/12/06,ASM2668403v1,National Chung Hsing University,GCA_026684035.1,identical,na,assembly from type material,na,2648164,2648164,49.5,1,1,1,NCBI RefSeq,NCBI Prokaryotic Genome Annotation Pipeline (PGAP),12/08/22,2596,2510,62
82,GCF_027554905.1,GCF_027554905.1,NA,Methanothermobacter thermautotrophicus,Delta H,,,,,,,https://ftp.ncbi.nlm.nih.gov/genomes/all/GCF/027/554/905/GCF_027554905.1_ASM2755490v1,PRJNA224116,SAMN16604535,representative genome,145262,145262,Complete Genome,2023/01/03,ASM2755490v1,University of Tuebingen,GCA_027554905.1,identical,na,assembly from type material,na,1751429,1751429,49.5,1,1,1,NCBI RefSeq,NCBI Prokaryotic Genome Annotation Pipeline (PGAP),01/03/23,1860,1802,48
83,GCF_019669965.1,GCF_019669965.1,NA,Methanoculleus chikugoensis,MG62,,,,,,,https://ftp.ncbi.nlm.nih.gov/genomes/all/GCF/019/669/965/GCF_019669965.1_ASM1966996v1,PRJNA224116,SAMD00171896,representative genome,118126,118126,Complete Genome,2021/06/02,ASM1966996v1,"Soil Biology and Chemistry, Department of Applied Biosciences, Graduate School of Bioagricultural Sciences, Nagoya University",GCA_019669965.1,identical,na,assembly from type material,na,2622259,2622259,61.5,1,1,1,NCBI RefSeq,NCBI Prokaryotic Genome Annotation Pipeline (PGAP),04/29/23,2639,2580,53
84,GCF_027555045.1,GCF_027555045.1,NA,Methanothermobacter thermautotrophicus,Z-245,,,,,,,https://ftp.ncbi.nlm.nih.gov/genomes/all/GCF/027/555/045/GCF_027555045.1_ASM2755504v1,PRJNA224116,SAMN16605913,na,145262,145262,Complete Genome,2023/01/03,ASM2755504v1,University of Tuebingen,GCA_027555045.1,identical,na,na,na,1769813,1769813,49,2,2,2,NCBI RefSeq,NCBI Prokaryotic Genome Annotation Pipeline (PGAP),01/03/23,1872,1813,48
85,GCF_003711245.1,,NA,Candidatus Methanomethylophilus alvus,Mx-05,,,,,,,https://ftp.ncbi.nlm.nih.gov/genomes/all/GCF/003/711/245/GCF_003711245.1_ASM371124v1,PRJNA224116,SAMN05892231,na,1291540,1291540,Complete Genome,2018/11/05,ASM371124v1,Universite Auvergne - UdA / UCA,GCA_003711245.1,identical,na,na,na,1666767,1666767,55.5,1,1,1,NCBI RefSeq,NCBI Prokaryotic Genome Annotation Pipeline (PGAP),02/11/23,1676,1614,52
86,GCF_019669945.1,GCF_019669945.1,NA,Methanosarcina mazei,TMA,,,,,,,https://ftp.ncbi.nlm.nih.gov/genomes/all/GCF/019/669/945/GCF_019669945.1_ASM1966994v1,PRJNA224116,SAMD00171895,na,2209,2209,Complete Genome,2021/06/02,ASM1966994v1,"Soil Biology and Chemistry, Department of Applied Biosciences, Graduate School of Bioagricultural Sciences, Nagoya University",GCA_019669945.1,identical,na,na,na,4417125,4417125,41,1,1,1,NCBI RefSeq,NCBI Prokaryotic Genome Annotation Pipeline (PGAP),09/10/22,3813,3598,74
87,GCF_019263745.1,,NA,Methanospirillum hungatei,GP1,,,,,,,https://ftp.ncbi.nlm.nih.gov/genomes/all/GCF/019/263/745/GCF_019263745.1_ASM1926374v1,PRJNA224116,SAMN19775401,na,2203,2203,Complete Genome,2021/07/16,ASM1926374v1,University of Minnesota,GCA_019263745.1,identical,na,na,na,3393136,3393136,42,1,1,1,NCBI RefSeq,NCBI Prokaryotic Genome Annotation Pipeline (PGAP),08/03/22,3244,3144,70
88,GCF_018502485.1,,NA,Methanospirillum,J.3.6.1-F.2.7.3,,,,,,,https://ftp.ncbi.nlm.nih.gov/genomes/all/GCF/018/502/485/GCF_018502485.1_ASM1850248v1,PRJNA224116,SAMN19066137,na,2834276,2834276,Complete Genome,2021/05/26,ASM1850248v1,Leibniz Institute DSMZ-German Collection of Microorganisms and Cell Cultures,GCA_018502485.1,identical,na,na,na,3524547,3524547,42,1,1,1,NCBI RefSeq,NCBI Prokaryotic Genome Annotation Pipeline (PGAP),06/03/22,3374,3278,71
89,GCF_027555065.1,GCF_027555065.1,NA,Methanothermobacter marburgensis,Marburg,,,,,,,https://ftp.ncbi.nlm.nih.gov/genomes/all/GCF/027/555/065/GCF_027555065.1_ASM2755506v1,PRJNA224116,SAMN16623210,na,145263,145263,Complete Genome,2023/01/03,ASM2755506v1,University of Tuebingen,GCA_027555065.1,identical,na,assembly from type material,na,1639146,1639146,48.5,2,2,2,NCBI RefSeq,NCBI Prokaryotic Genome Annotation Pipeline (PGAP),01/03/23,1787,1720,49
90,GCF_018141185.1,GCF_018141185.1,NA,Methanobacterium alkalithermotolerans,CAN,,,,,,,https://ftp.ncbi.nlm.nih.gov/genomes/all/GCF/018/141/185/GCF_018141185.1_ASM1814118v1,PRJNA224116,SAMN14689430,representative genome,2731220,2731220,Complete Genome,2021/04/27,ASM1814118v1,"Mediterranean Institute of Oceanography (MIO), UMR 7294",GCA_018141185.1,identical,na,assembly from type material,na,2187077,2187077,36,1,1,1,NCBI RefSeq,NCBI Prokaryotic Genome Annotation Pipeline (PGAP),05/13/22,2195,2139,49
91,GCF_000970245.1,GCF_000970245.1,NA,Methanosarcina mazei,C16,,,,,,,https://ftp.ncbi.nlm.nih.gov/genomes/all/GCF/000/970/245/GCF_000970245.1_ASM97024v1,PRJNA224116,SAMN03074581,na,1434113,2209,Complete Genome,2015/04/07,ASM97024v1,University of Illinois at Urbana-Champaign,GCA_000970245.1,identical,na,assembly from synonym type material,na,4166241,4166241,41,1,1,1,NCBI RefSeq,NCBI Prokaryotic Genome Annotation Pipeline (PGAP),12/17/22,3571,3395,69
92,GCF_013388255.1,GCF_013388255.1,NA,Methanolobus zinderi,DSM 21339,,,,,,,https://ftp.ncbi.nlm.nih.gov/genomes/all/GCF/013/388/255/GCF_013388255.1_ASM1338825v1,PRJNA224116,SAMN15340093,representative genome,536044,536044,Complete Genome,2020/07/04,ASM1338825v1,National Chung Hsing University,GCA_013388255.1,identical,na,assembly from type material,na,2704953,2704953,44,1,1,1,NCBI RefSeq,NCBI Prokaryotic Genome Annotation Pipeline (PGAP),05/06/23,2705,2633,59
93,GCF_028743435.1,GCF_028743435.1,NA,Methanobrevibacter smithii ,DSM 861,,,,,,,https://ftp.ncbi.nlm.nih.gov/genomes/all/GCF/028/743/435/GCF_028743435.1_ASM2874343v1,PRJNA224116,SAMN33244397,na,420247,2173,Complete Genome,2023/02/20,ASM2874343v1,Zymo Research Corporation,GCA_028743435.1,identical,na,assembly from type material,na,1853160,1853160,31,1,1,1,NCBI RefSeq,NCBI Prokaryotic Genome Annotation Pipeline (PGAP),02/20/23,1810,1746,45
94,GCF_029633915.1,GCF_029633915.1,NA,Methanomicrobium antiquum,DSM 21220,,,,,,,https://ftp.ncbi.nlm.nih.gov/genomes/all/GCF/029/633/915/GCF_029633915.1_ASM2963391v1,PRJNA224116,SAMN25047802,na,487686,487686,Complete Genome,2023/04/10,ASM2963391v1,National Chung Hsing University,GCA_029633915.1,identical,na,assembly from type material,na,2438126,2438126,37.5,1,1,1,NCBI RefSeq,NCBI Prokaryotic Genome Annotation Pipeline (PGAP),04/10/23,2379,2302,64
95,GCF_029633965.1,,NA,Methanogenium,S4BF,,,,,,,https://ftp.ncbi.nlm.nih.gov/genomes/all/GCF/029/633/965/GCF_029633965.1_ASM2963396v1,PRJNA224116,SAMN24966983,na,1789226,1789226,Complete Genome,2023/04/10,ASM2963396v1,National Chung Hsing University,GCA_029633965.1,identical,na,na,na,2513916,2513916,51.5,1,1,1,NCBI RefSeq,NCBI Prokaryotic Genome Annotation Pipeline (PGAP),04/10/23,2398,2316,64
96,GCF_029854155.1,,NA,Methanonatronarchaeum,AMET-Sl,,,,,,,https://ftp.ncbi.nlm.nih.gov/genomes/all/GCF/029/854/155/GCF_029854155.1_ASM2985415v1,PRJNA224116,SAMN33954831,na,3037654,3037654,Complete Genome,2023/04/23,ASM2985415v1,Research Center of Biotechnology RAS,GCA_029854155.1,identical,na,na,na,1555502,1555502,37,1,1,1,NCBI RefSeq,NCBI Prokaryotic Genome Annotation Pipeline (PGAP),04/23/23,1589,1536,44
97,GCF_009917665.1,GCF_009917665.1,NA,Methanothermobacter ,THM-2,,,,,,,https://ftp.ncbi.nlm.nih.gov/genomes/all/GCF/009/917/665/GCF_009917665.1_ASM991766v1,PRJNA224116,SAMN12650992,na,2606912,2606912,Complete Genome,2020/01/23,ASM991766v1,Hanyang University,GCA_009917665.1,identical,na,na,na,1697935,1697935,48.5,1,1,1,NCBI RefSeq,NCBI Prokaryotic Genome Annotation Pipeline (PGAP),03/26/22,1849,1743,49
98,GCF_009914355.1,GCF_009914355.1,NA,Methanothermobacter ,THM-1,,,,,,,https://ftp.ncbi.nlm.nih.gov/genomes/all/GCF/009/914/355/GCF_009914355.1_ASM991435v1,PRJNA224116,SAMN12650760,na,2606911,2606911,Complete Genome,2020/01/22,ASM991435v1,Hanyang University,GCA_009914355.1,identical,na,na,na,1724502,1724502,48.5,1,1,1,NCBI RefSeq,NCBI Prokaryotic Genome Annotation Pipeline (PGAP),07/27/22,1876,1792,50
99,GCF_023016325.1,,NA,Methanonatronarchaeum ,AMET6-2,,,,,,,https://ftp.ncbi.nlm.nih.gov/genomes/all/GCF/023/016/325/GCF_023016325.1_ASM2301632v1,PRJNA224116,SAMN27386773,na,2933293,2933293,Complete Genome,2022/04/17,ASM2301632v1,Research Center of Biotechnology RAS,GCA_023016325.1,identical,na,na,na,1398990,1398990,42,1,1,1,NCBI RefSeq,NCBI Prokaryotic Genome Annotation Pipeline (PGAP),04/20/22,1475,1417,46
100,GCF_019669925.1,GCF_019669925.1,NA,Methanobrevibacter arboriphilus,SA,,,,,,,https://ftp.ncbi.nlm.nih.gov/genomes/all/GCF/019/669/925/GCF_019669925.1_ASM1966992v1,PRJNA224116,SAMD00171894,representative genome,39441,39441,Complete Genome,2021/06/02,ASM1966992v1,"Soil Biology and Chemistry, Department of Applied Biosciences, Graduate School of Bioagricultural Sciences, Nagoya University",GCA_019669925.1,identical,na,na,na,2393271,2393271,25.5,1,1,1,NCBI RefSeq,NCBI Prokaryotic Genome Annotation Pipeline (PGAP),04/29/23,2067,2017,44
101,GCF_000970225.1,GCF_000970225.1,NA,Methanosarcina mazei ,LYC,,,,,,,https://ftp.ncbi.nlm.nih.gov/genomes/all/GCF/000/970/225/GCF_000970225.1_ASM97022v1,PRJNA224116,SAMN03074582,na,1434114,2209,Complete Genome,2015/04/07,ASM97022v1,University of Illinois at Urbana-Champaign,GCA_000970225.1,identical,na,na,na,4154344,4154344,41,1,1,1,NCBI RefSeq,NCBI Prokaryotic Genome Annotation Pipeline (PGAP),12/17/22,3581,3435,68
102,GCF_000969885.1,GCF_000969885.1,NA,Methanosarcina thermophila,TM-1,,,,,,,https://ftp.ncbi.nlm.nih.gov/genomes/all/GCF/000/969/885/GCF_000969885.1_ASM96988v1,PRJNA224116,SAMN03074597,representative genome,523844,2210,Complete Genome,2015/04/07,ASM96988v1,University of Illinois at Urbana-Champaign,GCA_000969885.1,identical,na,assembly from type material,na,3127379,3127379,41,1,1,1,NCBI RefSeq,NCBI Prokaryotic Genome Annotation Pipeline (PGAP),12/23/22,2803,2701,68
103,GCF_000970185.1,GCF_000970185.1,NA,Methanosarcina mazei ,SarPi,,,,,,,https://ftp.ncbi.nlm.nih.gov/genomes/all/GCF/000/970/185/GCF_000970185.1_ASM97018v1,PRJNA224116,SAMN03074584,na,1434115,2209,Complete Genome,2015/04/07,ASM97018v1,University of Illinois at Urbana-Champaign,GCA_000970185.1,identical,na,na,na,4066551,4066551,41,1,1,1,NCBI RefSeq,NCBI Prokaryotic Genome Annotation Pipeline (PGAP),12/17/22,3471,3331,68
104,GCF_000017165.1,GCF_000017165.1,NA,Methanococcus vannielii,SB,,,,,,,https://ftp.ncbi.nlm.nih.gov/genomes/all/GCF/000/017/165/GCF_000017165.1_ASM1716v1,PRJNA224116,SAMN02598403,representative genome,406327,2187,Complete Genome,2007/06/29,ASM1716v1,US DOE Joint Genome Institute (JGI-PGF),GCA_000017165.1,identical,na,assembly from type material,na,1720048,1720048,31,1,1,1,NCBI RefSeq,NCBI Prokaryotic Genome Annotation Pipeline (PGAP),12/28/22,1778,1713,53
105,GCF_000016125.1,,NA,Methanococcus maripaludis,C5,,,,,,,https://ftp.ncbi.nlm.nih.gov/genomes/all/GCF/000/016/125/GCF_000016125.1_ASM1612v1,PRJNA224116,SAMN02598397,na,402880,39152,Complete Genome,2007/03/15,ASM1612v1,DOE Joint Genome Institute,GCA_000016125.1,identical,na,na,na,1789046,1789046,32.5,2,2,2,NCBI RefSeq,NCBI Prokaryotic Genome Annotation Pipeline (PGAP),12/21/22,1923,1861,50
106,GCF_000014945.1,,NA,Methanothrix thermoacetophila,PT,,,,,,,https://ftp.ncbi.nlm.nih.gov/genomes/all/GCF/000/014/945/GCF_000014945.1_ASM1494v1,PRJNA224116,SAMN02598350,representative genome,349307,2224,Complete Genome,2006/10/25,ASM1494v1,US DOE Joint Genome Institute,GCA_000014945.1,identical,na,assembly from synonym type material,na,1879471,1879471,53.5,1,1,1,NCBI RefSeq,NCBI Prokaryotic Genome Annotation Pipeline (PGAP),12/12/22,1824,1761,56
107,GCF_000013725.1,GCF_000013725.1,NA,Methanococcoides burtonii,DSM 6242,,,,,,,https://ftp.ncbi.nlm.nih.gov/genomes/all/GCF/000/013/725/GCF_000013725.1_ASM1372v1,PRJNA224116,SAMN02598545,representative genome,259564,29291,Complete Genome,2006/04/10,ASM1372v1,DOE Joint Genome Institute,GCA_000013725.1,identical,na,assembly from type material,na,2575032,2575032,40.5,1,1,1,NCBI RefSeq,NCBI Prokaryotic Genome Annotation Pipeline (PGAP),12/28/22,2625,2468,65
108,GCA_905171695.1,,NA,Candidatus Methanoperedenaceae archaeon,GB37,,,,,,,https://ftp.ncbi.nlm.nih.gov/genomes/all/GCA/905/171/695/GCA_905171695.1_GoM-Arc1_E37,PRJEB36446,SAMEA7740440,na,2691037,2691037,Complete Genome,2021/01/27,GoM-Arc1_E37,Max Planck Institute for Marine Microbiology,na,na,derived from environmental source; genus undefined,na,na,1922745,1922745,46,1,1,1,Max Planck Institute for Marine Microbiology,Annotation submitted by Max Planck Institute for Marine Microbiology,na,2102,2055,47
109,GCA_905171685.1,,NA,Candidatus Methanoperedenaceae archaeon,GB50,,,,,,,https://ftp.ncbi.nlm.nih.gov/genomes/all/GCA/905/171/685/GCA_905171685.1_GoM-Arc1_E50,PRJEB36446,SAMEA7740439,na,2691038,2691038,Complete Genome,2021/01/27,GoM-Arc1_E50,Max Planck Institute for Marine Microbiology,na,na,derived from environmental source; genus undefined,na,na,1920273,1920273,46.5,1,1,1,Max Planck Institute for Marine Microbiology,Annotation submitted by Max Planck Institute for Marine Microbiology,na,2125,2078,47
110,GCA_902827205.1,,NA,Methanocaldococcus lauensis,SG1,,,,,,,https://ftp.ncbi.nlm.nih.gov/genomes/all/GCA/902/827/205/GCA_902827205.1_Methanocaldococcus_lauensis_SG1,PRJEB37473,SAMEA6654821,na,2546128,2546128,Complete Genome,2021/05/25,Methanocaldococcus_lauensis_SG1,Genoscope CEA,na,na,contaminated,na,na,1479331,1479331,29,1,1,1,Genoscope CEA,Annotation submitted by Genoscope CEA,05/25/21,1704,1585,115
111,GCA_900095815.1,,NA,Methanothermobacter wolfeii,SIV6,,,,,,,https://ftp.ncbi.nlm.nih.gov/genomes/all/GCA/900/095/815/GCA_900095815.1_SIV6,PRJEB15255,SAMEA4408318,na,145261,145261,Complete Genome,2016/12/16,SIV6,CEBITEC,GCF_900095815.1,identical,contaminated,na,na,1686891,1686891,48.5,1,1,1,CEBITEC,Annotation submitted by CEBITEC,na,1836,1792,44
112,GCA_900079125.1,,NA,Methanoculleus bourgensis,BA1,,,,,,,https://ftp.ncbi.nlm.nih.gov/genomes/all/GCA/900/079/125/GCA_900079125.1_MBBA,PRJEB13327,SAMEA3921042,na,83986,83986,Complete Genome,2016/05/05,MBBA,CEBITEC,GCF_900079125.1,identical,contaminated,na,na,2551189,2551189,60.5,1,1,1,CEBITEC,Annotation submitted by CEBITEC,na,2576,2528,48
113,GCA_030247815.1,,NA,Methanosarcina mazei,Mm Mut 203b,,,,,,,https://ftp.ncbi.nlm.nih.gov/genomes/all/GCA/030/247/815/GCA_030247815.1_ASM3024781v1,PRJNA929716,SAMN32970190,na,2209,2209,Complete Genome,2023/06/09,ASM3024781v1,Christian-Albrechts-University Kiel,na,na,na,na,na,4085600,4085600,41,1,1,1,NCBI,NCBI Prokaryotic Genome Annotation Pipeline (PGAP),02/02/23,3506,3343,68
114,GCA_030247745.1,,NA,Methanosarcina mazei,Mm Mut 208,,,,,,,https://ftp.ncbi.nlm.nih.gov/genomes/all/GCA/030/247/745/GCA_030247745.1_ASM3024774v1,PRJNA929891,SAMN32970220,na,2209,2209,Complete Genome,2023/06/09,ASM3024774v1,Christian-Albrechts-University Kiel,na,na,na,na,na,4108379,4108379,41,1,1,1,NCBI,NCBI Prokaryotic Genome Annotation Pipeline (PGAP),02/07/23,3549,3368,68
115,GCA_030168595.1,,NA,Methanomassiliicoccales archaeon,LGM-DZ1,,,,,,,https://ftp.ncbi.nlm.nih.gov/genomes/all/GCA/030/168/595/GCA_030168595.1_ASM3016859v1,PRJNA915581,SAMN32397851,na,3018978,3018978,Complete Genome,2023/06/05,ASM3016859v1,Nanjing Agricultural University,na,na,genus undefined,na,na,1768094,1768094,60,1,1,1,NCBI,NCBI Prokaryotic Genome Annotation Pipeline (PGAP),01/09/23,1739,1667,52
116,GCF_000017185.1,GCF_000017185.1,NA,Methanococcus aeolicus,Nankai-3,,,,,,,https://ftp.ncbi.nlm.nih.gov/genomes/all/GCF/000/017/185/GCF_000017185.1_ASM1718v1,PRJNA224116,SAMN00623051,representative genome,419665,42879,Complete Genome,2007/06/29,ASM1718v1,US DOE Joint Genome Institute (JGI-PGF),GCA_000017185.1,identical,na,assembly from type material,na,1569500,1569500,30,1,1,1,NCBI RefSeq,NCBI Prokaryotic Genome Annotation Pipeline (PGAP),12/28/22,1574,1511,49
117,GCA_030168575.1,,NA,Methanomassiliicoccales archaeon,LGM-RCC1,,,,,,,https://ftp.ncbi.nlm.nih.gov/genomes/all/GCA/030/168/575/GCA_030168575.1_ASM3016857v1,PRJNA915581,SAMN32397850,na,3018355,3018355,Complete Genome,2023/06/05,ASM3016857v1,Nanjing Agricultural University,na,na,genus undefined,na,na,1664211,1664211,53.5,1,1,1,NCBI,NCBI Prokaryotic Genome Annotation Pipeline (PGAP),01/06/23,1694,1632,52
118,GCA_026625165.1,,NA,Methanoregula ,DGG0,Sediment,,USA (OK),,,,https://ftp.ncbi.nlm.nih.gov/genomes/all/GCA/026/625/165/GCA_026625165.1_ASM2662516v1,PRJNA802382,SAMN31357437,na,2052170,2052170,Complete Genome,2022/12/04,ASM2662516v1,University of Toronto,na,na,derived from metagenome,na,na,2174862,2174862,52,1,1,1,NCBI,NCBI Prokaryotic Genome Annotation Pipeline (PGAP),11/21/22,2285,2217,52
119,GCA_026016205.1,,NA,Methanosarcinales archaeon,Met33H,,,,,,,https://ftp.ncbi.nlm.nih.gov/genomes/all/GCA/026/016/205/GCA_026016205.1_ASM2601620v1,PRJNA644245,SAMN16047403,na,2250255,2250255,Complete Genome,2022/11/07,ASM2601620v1,Japan Agency for Marine-Earth Science and technology,na,na,derived from metagenome; genus undefined,na,na,987146,987146,46,1,1,1,NCBI,NCBI Prokaryotic Genome Annotation Pipeline (PGAP),09/08/20,1202,1141,51
120,GCA_024167805.1,,NA,Methanobacterium,ERen5,,,,,,,https://ftp.ncbi.nlm.nih.gov/genomes/all/GCA/024/167/805/GCA_024167805.1_ASM2416780v1,PRJNA832091,SAMN29259465,na,2977359,2977359,Complete Genome,2022/07/06,ASM2416780v1,GFZ German Research Centre for Geosciences,na,na,derived from metagenome,na,na,2744370,2744370,35,1,1,1,NCBI,NCBI Prokaryotic Genome Annotation Pipeline (PGAP),07/01/22,2943,2721,56
121,GCA_019262145.1,,NA,Candidatus Methanogranum,U3.2.1,,,,,,,https://ftp.ncbi.nlm.nih.gov/genomes/all/GCA/019/262/145/GCA_019262145.1_ASM1926214v1,PRJNA731838,SAMN19693782,na,2848114,2848114,Complete Genome,2021/07/16,ASM1926214v1,WETSCAPES,na,na,derived from metagenome,na,na,1516968,1516968,43.5,1,1,1,NCBI,NCBI Prokaryotic Genome Annotation Pipeline (PGAP),09/10/2021 14:30:10,1568,1513,52
122,GCA_009911715.1,,NA,Methanomassiliicoccaceae archaeon,DOK,,,,,,,https://ftp.ncbi.nlm.nih.gov/genomes/all/GCA/009/911/715/GCA_009911715.1_ASM991171v1,PRJNA258248,SAMN02991093,na,1535962,1535962,Complete Genome,2020/01/22,ASM991171v1,CSIRO,GCF_009911715.1,identical,genus undefined,na,na,1889135,1889135,59.5,1,1,1,NCBI,NCBI Prokaryotic Genome Annotation Pipeline (PGAP),01/16/2020 10:15:11,1913,1835,52
123,GCA_003584625.1,,NA,Methanothermobacter,MT-2,,,,,,,https://ftp.ncbi.nlm.nih.gov/genomes/all/GCA/003/584/625/GCA_003584625.1_ASM358462v1,PRJDB5067,SAMD00060422,na,1898379,1898379,Complete Genome,2016/12/07,ASM358462v1,Tokyo University of Pharmacy and Life Sciences,na,na,derived from environmental source,na,na,1522738,1522738,39.5,1,1,1,Tokyo University of Pharmacy and Life Sciences,Annotation submitted by Tokyo University of Pharmacy and Life Sciences,12/07/16,1647,1604,43
124,GCA_003584605.1,,NA,Methanosarcina thermophila,MT-1,,,,,,,https://ftp.ncbi.nlm.nih.gov/genomes/all/GCA/003/584/605/GCA_003584605.1_ASM358460v1,PRJDB5067,SAMD00060421,na,2210,2210,Complete Genome,2016/12/07,ASM358460v1,Tokyo University of Pharmacy and Life Sciences,na,na,RefSeq annotation failed; derived from environmental source; incomplete metagenome,na,na,3194059,3194059,41,1,1,1,Tokyo University of Pharmacy and Life Sciences,Annotation submitted by Tokyo University of Pharmacy and Life Sciences,na,2836,2772,64
125,GCA_003491305.1,,NA,Methanobacterium,BAmetb5,,,,,,,https://ftp.ncbi.nlm.nih.gov/genomes/all/GCA/003/491/305/GCA_003491305.1_ASM349130v1,PRJNA396082,SAMN07437073,na,2025351,2025351,Complete Genome,2018/09/07,ASM349130v1,Japan Agency for Marine-Earth Science and technology,na,na,derived from metagenome,na,na,2417388,2417388,41,1,1,1,NCBI,NCBI Prokaryotic Genome Annotation Pipeline,08/09/17,2384,2307,55
126,GCA_003491285.1,,NA,Methanobacterium,BRmetb2,,,,,,,https://ftp.ncbi.nlm.nih.gov/genomes/all/GCA/003/491/285/GCA_003491285.1_ASM349128v1,PRJNA396082,SAMN07436798,na,2025350,2025350,Complete Genome,2018/09/07,ASM349128v1,Japan Agency for Marine-Earth Science and technology,na,na,derived from metagenome,na,na,2173134,2173134,33,1,1,1,NCBI,NCBI Prokaryotic Genome Annotation Pipeline,08/09/17,2176,2114,41
127,GCA_002356395.1,,NA,Methanothermobacter,EMTCatA1,,,,,,,https://ftp.ncbi.nlm.nih.gov/genomes/all/GCA/002/356/395/GCA_002356395.1_ASM235639v1,PRJDB5909,SAMD00084331,na,2017966,2017966,Complete Genome,2017/07/08,ASM235639v1,"Department of System Innovation, Graduate School of Engineering, the University of Tokyo, Tokyo, Japan",na,na,derived from environmental source,na,na,1719979,1719979,49.5,1,1,1,"Department of System Innovation, Graduate School of Engineering, the University of Tokyo, Tokyo, Japan","Annotation submitted by Department of System Innovation, Graduate School of Engineering, the University of Tokyo, Tokyo, Japan",07/08/17,1856,1814,42
128,GCA_000953115.1,,NA,Methanobacterium formicicum,DSM1535,,,,,,,https://ftp.ncbi.nlm.nih.gov/genomes/all/GCA/000/953/115/GCA_000953115.1_DSM1535,PRJEB7090,SAMEA2724982,na,2162,2162,Complete Genome,2014/09/10,DSM1535,CEBITEC,GCF_000953115.1,identical,contaminated,na,na,2478074,2478074,41,1,1,1,CEBITEC,Annotation submitted by CEBITEC,na,2459,2409,50
129,GCA_000499765.1,,NA,Methanobacterium,MB1,,,,,,,https://ftp.ncbi.nlm.nih.gov/genomes/all/GCA/000/499/765/GCA_000499765.1_Methanobacterium,PRJEB4386,SAMEA3138830,na,1379702,1379702,Complete Genome,2013/11/14,Methanobacterium,irena.maus,GCF_000499765.1,identical,RefSeq annotation failed; missing strain identifier,na,na,2029766,2029766,39.5,1,1,1,irena.maus,Annotation submitted by irena.maus,03/01/15,2069,2021,48
130,GCA_026692625.1,,NA,Methanobacterium,DP,,,,,,,https://ftp.ncbi.nlm.nih.gov/genomes/all/GCA/026/692/625/GCA_026692625.1_ASM2669262v1,PRJNA894335,SAMN31452837,na,2998972,2998972,Complete Genome,2022/12/06,ASM2669262v1,"SBCP LAB, HANYANG UNIVERSITY",na,na,unverified source organism,na,na,1693285,1693285,48.5,2,2,2,na,na,na,0,0,0
131,GCF_000017625.1,GCF_000017625.1,NA,Methanoregula boonei,6A8,,,,,,,https://ftp.ncbi.nlm.nih.gov/genomes/all/GCF/000/017/625/GCF_000017625.1_ASM1762v1,PRJNA224116,SAMN02598409,representative genome,456442,358766,Complete Genome,2007/07/26,ASM1762v1,US DOE Joint Genome Institute,GCA_000017625.1,identical,na,assembly from type material,na,2542943,2542943,54.5,1,1,1,NCBI RefSeq,NCBI Prokaryotic Genome Annotation Pipeline (PGAP),12/29/22,2551,2487,54
132,GCF_000023985.1,GCF_000023985.1,NA,Methanocaldococcus fervens,AG86,,,,,,,https://ftp.ncbi.nlm.nih.gov/genomes/all/GCF/000/023/985/GCF_000023985.1_ASM2398v1,PRJNA224116,SAMN02598490,representative genome,573064,83171,Complete Genome,2009/08/28,ASM2398v1,US DOE Joint Genome Institute (JGI-PGF),GCA_000023985.1,identical,na,assembly from type material,na,1507251,1507251,32,2,2,2,NCBI RefSeq,NCBI Prokaryotic Genome Annotation Pipeline (PGAP),05/02/23,1662,1595,45
133,GCF_000024625.1,GCF_000024625.1,NA,Methanocaldococcus vulcanius,M7,,,,,,,https://ftp.ncbi.nlm.nih.gov/genomes/all/GCF/000/024/625/GCF_000024625.1_ASM2462v1,PRJNA224116,SAMN02598493,representative genome,579137,73913,Complete Genome,2009/10/15,ASM2462v1,US DOE Joint Genome Institute (JGI-PGF),GCA_000024625.1,identical,na,assembly from type material,na,1761737,1761737,31.5,3,3,3,NCBI RefSeq,NCBI Prokaryotic Genome Annotation Pipeline (PGAP),05/02/23,1783,1725,45
134,GCF_000970165.1,GCF_000970165.1,NA,Methanosarcina mazei,WWM610,,,,,,,https://ftp.ncbi.nlm.nih.gov/genomes/all/GCF/000/970/165/GCF_000970165.1_ASM97016v1,PRJNA224116,SAMN03074586,na,1434117,2209,Complete Genome,2015/04/07,ASM97016v1,University of Illinois at Urbana-Champaign,GCA_000970165.1,identical,na,na,na,4096482,4096482,41,1,1,1,NCBI RefSeq,NCBI Prokaryotic Genome Annotation Pipeline (PGAP),12/17/22,3521,3369,68
135,GCF_000970145.1,GCF_000970145.1,NA,Methanosarcina siciliae,C2J,,,,,,,https://ftp.ncbi.nlm.nih.gov/genomes/all/GCF/000/970/145/GCF_000970145.1_ASM97014v1,PRJNA224116,SAMN03074587,na,1434118,38027,Complete Genome,2015/04/07,ASM97014v1,University of Illinois at Urbana-Champaign,GCA_000970145.1,identical,na,na,na,5427890,5427890,42.5,1,1,1,NCBI RefSeq,NCBI Prokaryotic Genome Annotation Pipeline (PGAP),12/23/22,4740,4434,67
136,GCF_000970125.1,GCF_000970125.1,NA,Methanosarcina siciliae,HI350,,,,,,,https://ftp.ncbi.nlm.nih.gov/genomes/all/GCF/000/970/125/GCF_000970125.1_ASM97012v1,PRJNA224116,SAMN03074588,na,1434119,38027,Complete Genome,2015/04/07,ASM97012v1,University of Illinois at Urbana-Champaign,GCA_000970125.1,identical,na,na,na,4941115,4941115,43,1,1,1,NCBI RefSeq,NCBI Prokaryotic Genome Annotation Pipeline (PGAP),09/29/22,4187,3992,67
137,GCF_000970085.1,GCF_000970085.1,NA,Methanosarcina siciliae,T4/M,,,,,,,https://ftp.ncbi.nlm.nih.gov/genomes/all/GCF/000/970/085/GCF_000970085.1_ASM97008v1,PRJNA224116,SAMN03074589,representative genome,1434120,38027,Complete Genome,2015/04/07,ASM97008v1,University of Illinois at Urbana-Champaign,GCA_000970085.1,identical,na,assembly from type material,na,5017558,5017558,42.5,1,1,1,NCBI RefSeq,NCBI Prokaryotic Genome Annotation Pipeline (PGAP),12/23/22,4291,4086,67
138,GCF_000970065.1,GCF_000970065.1,NA,Methanosarcina barkeri,227,,,,,,,https://ftp.ncbi.nlm.nih.gov/genomes/all/GCF/000/970/065/GCF_000970065.1_ASM97006v1,PRJNA224116,SAMN03074573,representative genome,1434106,2208,Complete Genome,2015/04/07,ASM97006v1,University of Illinois at Urbana-Champaign,GCA_000970065.1,identical,na,na,na,4487566,4487566,39,2,2,2,NCBI RefSeq,NCBI Prokaryotic Genome Annotation Pipeline (PGAP),03/25/23,3796,3574,71
139,GCF_000970045.1,,NA,Methanosarcina,MTP4,,,,,,,https://ftp.ncbi.nlm.nih.gov/genomes/all/GCF/000/970/045/GCF_000970045.1_ASM97004v1,PRJNA224116,SAMN03074591,na,1434100,1434100,Complete Genome,2015/04/07,ASM97004v1,University of Illinois at Urbana-Champaign,GCA_000970045.1,identical,na,na,na,4211468,4211468,45.5,1,1,1,NCBI RefSeq,NCBI Prokaryotic Genome Annotation Pipeline (PGAP),07/26/22,3546,3428,67
140,GCF_000970025.1,GCF_000970025.1,NA,Methanosarcina barker,MS,,,,,,,https://ftp.ncbi.nlm.nih.gov/genomes/all/GCF/000/970/025/GCF_000970025.1_ASM97002v1,PRJNA224116,SAMN03074575,na,1434108,2208,Complete Genome,2015/04/07,ASM97002v1,University of Illinois at Urbana-Champaign,GCA_000970025.1,identical,na,assembly from type material,na,4574907,4574907,39,2,2,2,NCBI RefSeq,NCBI Prokaryotic Genome Annotation Pipeline (PGAP),12/17/22,3829,3608,69
141,GCF_000970005.1,,NA,Methanosarcina,WH1,,,,,,,https://ftp.ncbi.nlm.nih.gov/genomes/all/GCF/000/970/005/GCF_000970005.1_ASM97000v1,PRJNA224116,SAMN03074593,na,1434102,1434102,Complete Genome,2015/04/07,ASM97000v1,University of Illinois at Urbana-Champaign,GCA_000970005.1,identical,na,na,na,3914091,3914091,41.5,1,1,1,NCBI RefSeq,NCBI Prokaryotic Genome Annotation Pipeline (PGAP),07/26/22,3495,3273,67
142,GCF_000969985.1,,NA,Methanosarcina barkeri,Wiesmoor,,,,,,,https://ftp.ncbi.nlm.nih.gov/genomes/all/GCF/000/969/985/GCF_000969985.1_ASM96998v1,PRJNA224116,SAMN03074576,na,1434109,2208,Complete Genome,2015/04/07,ASM96998v1,University of Illinois at Urbana-Champaign,GCA_000969985.1,identical,na,na,na,4907186,4907186,39,2,2,2,NCBI RefSeq,NCBI Prokaryotic Genome Annotation Pipeline (PGAP),12/17/22,4081,3831,73
143,GCF_000969965.1,,NA,Methanosarcina,WWM596,,,,,,,https://ftp.ncbi.nlm.nih.gov/genomes/all/GCF/000/969/965/GCF_000969965.1_ASM96996v1,PRJNA224116,SAMN03074594,na,1434103,1434103,Complete Genome,2015/04/07,ASM96996v1,University of Illinois at Urbana-Champaign,GCA_000969965.1,identical,na,na,na,4137337,4137337,41.5,1,1,1,NCBI RefSeq,NCBI Prokaryotic Genome Annotation Pipeline (PGAP),07/26/22,3739,3504,69
144,GCF_000969945.1,GCF_000969945.1,NA,Methanosarcina,Kolksee,,,,,,,https://ftp.ncbi.nlm.nih.gov/genomes/all/GCF/000/969/945/GCF_000969945.1_ASM96994v1,PRJNA224116,SAMN03074590,na,1434099,1434099,Complete Genome,2015/04/07,ASM96994v1,University of Illinois at Urbana-Champaign,GCA_000969945.1,identical,na,na,na,4553495,4553495,39.5,2,2,2,NCBI RefSeq,NCBI Prokaryotic Genome Annotation Pipeline (PGAP),07/26/22,3815,3626,71
145,GCF_000969925.1,GCF_000969925.1,NA,Methanosarcina thermophila,CHTI-55,,,,,,,https://ftp.ncbi.nlm.nih.gov/genomes/all/GCF/000/969/925/GCF_000969925.1_ASM96992v1,PRJNA224116,SAMN03074595,na,1434121,2210,Complete Genome,2015/04/07,ASM96992v1,University of Illinois at Urbana-Champaign,GCA_000969925.1,identical,na,na,na,3130228,3130228,41,1,1,1,NCBI RefSeq,NCBI Prokaryotic Genome Annotation Pipeline (PGAP),09/29/22,2766,2652,68
146,GCF_000969905.1,GCF_000969905.1,NA,Methanosarcina vacuolata,Z-761,,,,,,,https://ftp.ncbi.nlm.nih.gov/genomes/all/GCF/000/969/905/GCF_000969905.1_ASM96990v1,PRJNA224116,SAMN03074598,representative genome,1434123,2215,Complete Genome,2015/04/07,ASM96990v1,University of Illinois at Urbana-Champaign,GCA_000969905.1,identical,na,assembly from type material,na,4563885,4563885,39.5,2,2,2,NCBI RefSeq,NCBI Prokaryotic Genome Annotation Pipeline (PGAP),12/29/22,3793,3601,71
147,GCF_902827225.1,GCF_902827225.1,NA,Methanocaldococcus lauensis,SG7,,,,,,,https://ftp.ncbi.nlm.nih.gov/genomes/all/GCF/902/827/225/GCF_902827225.1_Methanocaldococcus_lauensis_SG7,PRJNA224116,SAMEA6654823,representative genome,2546128,2546128,Complete Genome,2021/05/25,Methanocaldococcus_lauensis_SG7,Genoscope CEA,GCA_902827225.1,identical,na,assembly from type material,na,1537427,1537427,29,2,2,2,NCBI RefSeq,NCBI Prokaryotic Genome Annotation Pipeline (PGAP),06/03/22,1624,1550,46
148,GCF_000828555.1,GCF_000828555.1,NA,Methanococcus maripaludis,OS7,,,,,,,https://ftp.ncbi.nlm.nih.gov/genomes/all/GCF/000/828/555/GCF_000828555.1_ASM82855v1,PRJNA224116,SAMD00170764,na,637915,39152,Complete Genome,2014/10/01,ASM82855v1,National Institute of Technology and Evaluation,GCA_000828555.1,identical,na,na,na,1749749,1749749,32.5,1,1,1,NCBI RefSeq,NCBI Prokaryotic Genome Annotation Pipeline (PGAP),12/19/22,1896,1837,46
149,GCF_000828535.1,GCF_000828535.1,NA,Methanococcus maripaludis,KA1,,,,,,,https://ftp.ncbi.nlm.nih.gov/genomes/all/GCF/000/828/535/GCF_000828535.1_ASM82853v1,PRJNA224116,SAMD00170763,na,637914,39152,Complete Genome,2014/10/01,ASM82853v1,National Institute of Technology and Evaluation,GCA_000828535.1,identical,na,na,na,1858414,1858414,32.5,2,2,2,NCBI RefSeq,NCBI Prokaryotic Genome Annotation Pipeline (PGAP),12/19/22,2020,1952,47
150,GCF_000762265.1,GCF_000762265.1,NA,Methanobacterium formicicum,BRM9,Cow,Friesan,New Zealand,Rumen ,"H2:CO2; (80 : 20), grown in BY medium with Vitamin 10 and selenit/tungstate solution, ph 6-8 temperature 25-45 C",can produce methane from formate and CO2,https://ftp.ncbi.nlm.nih.gov/genomes/all/GCF/000/762/265/GCF_000762265.1_ASM76226v1,PRJNA224116,SAMN03085433,na,2162,2162,Complete Genome,2014/10/02,ASM76226v1,PGgRc,GCA_000762265.1,identical,na,na,na,2449987,2449987,41,1,1,1,NCBI RefSeq,NCBI Prokaryotic Genome Annotation Pipeline (PGAP),12/23/22,2445,2383,55
151,GCF_000404165.1,GCF_000404165.1,NA,Methanobrevibacter,AbM4,Sheep ,,New Zealand,Rumen,"H2:CO2 (80:20), Formate, Acetate",NA,https://ftp.ncbi.nlm.nih.gov/genomes/all/GCF/000/404/165/GCF_000404165.1_ASM40416v1,PRJNA224116,SAMN02602974,na,224719,224719,Complete Genome,2013/06/03,ASM40416v1,AgResearch Ltd. & The New Zealand Agricultural Greenhouse Gas Research Centre,GCA_000404165.1,identical,na,na,na,1998189,1998189,29,1,1,1,NCBI RefSeq,NCBI Prokaryotic Genome Annotation Pipeline (PGAP),07/26/22,1749,1688,47
152,GCF_000328665.1,GCF_000328665.1,NA,Methanomethylovorans hollandica,DSM 15978,,,,,,,https://ftp.ncbi.nlm.nih.gov/genomes/all/GCF/000/328/665/GCF_000328665.1_ASM32866v1,PRJNA224116,SAMN02261367,representative genome,867904,101192,Complete Genome,2012/12/28,ASM32866v1,JGI,GCA_000328665.1,identical,na,assembly from type material,na,2714013,2714013,41.5,2,2,2,NCBI RefSeq,NCBI Prokaryotic Genome Annotation Pipeline (PGAP),05/03/23,2694,2587,60
153,GCF_000304355.2,GCF_000304355.2,NA,Methanoculleus bourgensis,MS2,,,,,,,https://ftp.ncbi.nlm.nih.gov/genomes/all/GCF/000/304/355/GCF_000304355.2_Mb_MS2,PRJNA224116,SAMEA2272323,representative genome,1201294,83986,Complete Genome,2014/02/04,Mb_MS2,irena.maus,GCA_000304355.2,identical,na,assembly from type material,na,2789774,2789774,60.5,1,1,1,NCBI RefSeq,NCBI Prokaryotic Genome Annotation Pipeline (PGAP),04/07/23,2678,2609,52
154,GCF_000217995.1,GCF_000217995.1,NA,Methanosalsum zhilinae,DSM 4017,,,,,,,https://ftp.ncbi.nlm.nih.gov/genomes/all/GCF/000/217/995/GCF_000217995.1_ASM21799v1,PRJNA224116,SAMN02232039,representative genome,679901,39669,Complete Genome,2011/06/13,ASM21799v1,US DOE Joint Genome Institute (JGI-PGF),GCA_000217995.1,identical,na,assembly from type material,na,2138444,2138444,39,1,1,1,NCBI RefSeq,NCBI Prokaryotic Genome Annotation Pipeline (PGAP),05/02/23,2075,1986,61
155,GCF_000214415.1,GCF_000214415.1,NA,Methanotorris igneus,Kol 5,,,,,,,https://ftp.ncbi.nlm.nih.gov/genomes/all/GCF/000/214/415/GCF_000214415.1_ASM21441v1,PRJNA224116,SAMN00713627,representative genome,880724,2189,Complete Genome,2011/05/23,ASM21441v1,US DOE Joint Genome Institute,GCA_000214415.1,identical,na,assembly from type material,na,1854197,1854197,32,1,1,1,NCBI RefSeq,NCBI Prokaryotic Genome Annotation Pipeline (PGAP),05/02/23,1858,1803,43
156,GCF_000196655.1,GCF_000196655.1,NA,Methanohalobium evestigatum,Z-7303,,,,,,,https://ftp.ncbi.nlm.nih.gov/genomes/all/GCF/000/196/655/GCF_000196655.1_ASM19665v1,PRJNA224116,SAMN00015125,representative genome,644295,2322,Complete Genome,2010/06/15,ASM19665v1,US DOE Joint Genome Institute,GCA_000196655.1,identical,na,assembly from type material,na,2406232,2406232,36,2,2,2,NCBI RefSeq,NCBI Prokaryotic Genome Annotation Pipeline (PGAP),12/28/22,2453,2342,58
157,GCF_000179575.2,GCF_000179575.2,NA,Methanothermococcus okinawensis,IH1,,,,,,,https://ftp.ncbi.nlm.nih.gov/genomes/all/GCF/000/179/575/GCF_000179575.2_ASM17957v2,PRJNA224116,SAMN00100784,representative genome,647113,155863,Complete Genome,2011/06/06,ASM17957v2,US DOE Joint Genome Institute (JGI-PGF),GCA_000179575.2,identical,na,assembly from type material,na,1677455,1677455,29,2,2,2,NCBI RefSeq,NCBI Prokaryotic Genome Annotation Pipeline (PGAP),12/28/22,1701,1625,47
158,GCF_000092305.1,GCF_000092305.1,NA,Methanocaldococcus infernus,ME,,,,,,,https://ftp.ncbi.nlm.nih.gov/genomes/all/GCF/000/092/305/GCF_000092305.1_ASM9230v1,PRJNA224116,SAMN00017484,representative genome,573063,67760,Complete Genome,2010/04/30,ASM9230v1,US DOE Joint Genome Institute (JGI-PGF),GCA_000092305.1,identical,na,assembly from type material,na,1328194,1328194,33.5,1,1,1,NCBI RefSeq,NCBI Prokaryotic Genome Annotation Pipeline (PGAP),12/28/22,1501,1439,46
159,GCF_000025865.1,GCF_000025865.1,NA,Methanohalophilus mahii,DSM 5219,,,,,,,https://ftp.ncbi.nlm.nih.gov/genomes/all/GCF/000/025/865/GCF_000025865.1_ASM2586v1,PRJNA224116,SAMN02598474,representative genome,547558,2176,Complete Genome,2010/03/31,ASM2586v1,US DOE Joint Genome Institute (JGI-PGF),GCA_000025865.1,identical,na,assembly from type material,na,2012424,2012424,42.5,1,1,1,NCBI RefSeq,NCBI Prokaryotic Genome Annotation Pipeline (PGAP),05/02/23,2077,1992,64
160,GCF_000025525.1,,NA,Methanocaldococcus,FS406-22,,,,,,,https://ftp.ncbi.nlm.nih.gov/genomes/all/GCF/000/025/525/GCF_000025525.1_ASM2552v1,PRJNA224116,SAMN02598520,na,644281,644281,Complete Genome,2010/02/17,ASM2552v1,US DOE Joint Genome Institute,GCA_000025525.1,identical,na,na,na,1773136,1773136,32,2,2,2,NCBI RefSeq,NCBI Prokaryotic Genome Annotation Pipeline (PGAP),07/26/22,1894,1834,45
161,GCF_000970205.1,GCF_000970205.1,NA,Methanosarcina mazei,S-6,,,,,,,https://ftp.ncbi.nlm.nih.gov/genomes/all/GCF/000/970/205/GCF_000970205.1_ASM97020v1,PRJNA224116,SAMN03074583,na,213585,2209,Complete Genome,2015/04/07,ASM97020v1,University of Illinois at Urbana-Champaign,GCA_000970205.1,identical,na,assembly from type material,na,4142816,4142816,41,1,1,1,NCBI RefSeq,NCBI Prokaryotic Genome Annotation Pipeline (PGAP),12/17/22,3577,3420,68
162,GCF_946463545.1,GCF_946463545.1,NA,Methanothermococcus thermolithotrophicus,DSM 2095,,,,,,,https://ftp.ncbi.nlm.nih.gov/genomes/all/GCF/946/463/545/GCF_946463545.1_Mth-DSM-2095-CCS-WG,PRJNA224116,SAMEA110262234,representative genome,523845,2186,Complete Genome,2022/08/31,Mth-DSM-2095-CCS-WG,Max Planck Institute for Marine Microbiology,GCA_946463545.1,identical,na,na,na,1706496,1706496,32.5,1,1,1,NCBI RefSeq,NCBI Prokaryotic Genome Annotation Pipeline (PGAP),10/13/22,1730,1668,47
163,GCF_000621965.1,,Hungate 1000,Methanobrevibacter wolinii,SH,Bovine,,USA,Rumen,,,,,,,,,,,,,,,,,,,,,,,,,,,,,
164,GCF_900116525.1,,Hungate 1000,Methanosarcina,DSM 11855,Bovine,,USA,Rumen,,,,,,,,,,,,,,,,,,,,,,,,,,,,,
165,GCA_000151245.1,,EBI,Methanobrevibacter smithii,DSM 2375,Human,,USA,Feces,,,,,,,,,,,,,,,,,,,,,,,,,,,,,
166,GCA_000151225.1,,EBI,Methanobrevibacter smithii,DSM 2374,Human,,USA,Feces,,,,,,,,,,,,,,,,,,,,,,,,,,,,,
167,GCA_000275865.1,,EBI,Methanofollis liminatans,DSM 4140,,,,,,,,,,,,,,,,,,,,,,,,,,,,,,,,,
168,GCF_004363215.1,,,Methanimicrococcus blatticola ,DSM 13328,,,,,,,https://ftp.ncbi.nlm.nih.gov/genomes/all/GCF/004/363/215/GCF_004363215.1_ASM436321v1,,SAMN08769569,representative genome,91560,,,2019/03/22 0:00,,DOE Joint Genome Institute,,,,,,,,,,,,,,,,,
169,GCF_900100715.1,,,Methanolobus vulcani ,PL 12/M,,,,,,,https://ftp.ncbi.nlm.nih.gov/genomes/all/GCF/900/100/715/GCF_900100715.1_IMG-taxon_2642422561_annotated_assembly,,SAMN04488589,representative genome,38026,,,2016/10/21 0:00,,DOE - JOINT GENOME INSTITUTE,,,,,,,,,,,,,,,,,
170,GCF_003814835.1,,,Methanobrevibacter gottschalkii,DSM 11977,,,,,,,https://ftp.ncbi.nlm.nih.gov/genomes/all/GCF/003/814/835/GCF_003814835.1_ASM381483v1,,SAMN10363317,representative genome,1122229,,,2018/11/23 0:00,,DOE Joint Genome Institute,,,,,,,,,,,,,,,,,
171,GCF_000430905.1,,,Methanocorpusculum bavaricum,DSM 4179,,,,,,,https://ftp.ncbi.nlm.nih.gov/genomes/all/GCF/000/430/905/GCF_000430905.1_ASM43090v1,,SAMN02441137,representative genome,1122230,,,2013/07/16 0:00,,DOE Joint Genome Institute,,,,,,,,,,,,,,,,,
172,GCF_000744315.1,,,Methanosarcina soligelidi ,SMA-21,,,,,,,https://ftp.ncbi.nlm.nih.gov/genomes/all/GCF/000/744/315/GCF_000744315.1_ASM74431v1,,SAMN02745719,representative genome,1036677,,,2014/08/28 0:00,,DOE Joint Genome Institute,,,,,,,,,,,,,,,,,
173,GCF_017873855.1,,,Methanolinea mesophila ,DSM 23604,,,,,,,https://ftp.ncbi.nlm.nih.gov/genomes/all/GCF/017/873/855/GCF_017873855.1_ASM1787385v1,,SAMN18245708,representative genome,547055,,,2021/04/08 0:00,,DOE Joint Genome Institute,,,,,,,,,,,,,,,,,
174,GCF_003385755.1,,,Methanothermobacter defluvii ,DSM 7466,,,,,,,https://ftp.ncbi.nlm.nih.gov/genomes/all/GCF/003/385/755/GCF_003385755.1_ASM338575v1,,SAMN08769621,representative genome,49339,,,2018/08/14 0:00,,DOE Joint Genome Institute,,,,,,,,,,,,,,,,,
175,GCF_017874375.1,,,Methanohalophilus levihalophilus ,DSM 28452,,,,,,,https://ftp.ncbi.nlm.nih.gov/genomes/all/GCF/017/874/375/GCF_017874375.1_ASM1787437v1,,SAMN18247105,representative genome,1431282,,,2021/04/08 0:00,,DOE Joint Genome Institute,,,,,,,,,,,,,,,,,
176,GCF_000745485.1,,,Methanobacterium veterum ,MK4,,,,,,,https://ftp.ncbi.nlm.nih.gov/genomes/all/GCF/000/745/485/GCF_000745485.1_ASM74548v1,,SAMN02910304,representative genome,408577,,,2014/08/28 0:00,,DOE Joint Genome Institute,,,,,,,,,,,,,,,,,
177,GCF_900114835.1,,,Methanolobus profundi ,Mob M,,,,,,,https://ftp.ncbi.nlm.nih.gov/genomes/all/GCF/900/114/835/GCF_900114835.1_IMG-taxon_2642422540_annotated_assembly,,SAMN04488696,representative genome,487685,,,2016/11/02 0:00,,DOE - JOINT GENOME INSTITUTE,,,,,,,,,,,,,,,,,
178,GCF_017874455.1,,,Methanobacterium aggregans ,DSM 29428,,,,,,,https://ftp.ncbi.nlm.nih.gov/genomes/all/GCF/017/874/455/GCF_017874455.1_ASM1787445v1,,SAMN18248560,representative genome,1615586,,,2021/04/08 0:00,,DOE Joint Genome Institute,,,,,,,,,,,,,,,,,
179,GCF_900111645.1,,,Methanococcoides vulcani ,SLH 33,,,,,,,https://ftp.ncbi.nlm.nih.gov/genomes/all/GCF/900/111/645/GCF_900111645.1_IMG-taxon_2642422537_annotated_assembly,,SAMN04488587,representative genome,1353158,,,2016/10/31 0:00,,DOE - JOINT GENOME INSTITUTE,,,,,,,,,,,,,,,,,
180,GCF_017873415.1,,,Methanolobus bombayensis ,DSM 7082,,,,,,,https://ftp.ncbi.nlm.nih.gov/genomes/all/GCF/017/873/415/GCF_017873415.1_ASM1787341v1,,SAMN18247048,representative genome,38023,,,2021/04/08 0:00,,DOE Joint Genome Institute,,,,,,,,,,,,,,,,,
181,GCF_000711905.1,,,Methermicoccus shengliensis,DSM 18856,,,,,,,https://ftp.ncbi.nlm.nih.gov/genomes/all/GCF/000/711/905/GCF_000711905.1_ASM71190v1,,SAMN02746094,representative genome,1122233,,,2014/06/25 0:00,,DOE Joint Genome Institute,,,,,,,,,,,,,,,,,
182,GCF_000746075.1,,,Methanobacterium arcticum ,M2,,,,,,,https://ftp.ncbi.nlm.nih.gov/genomes/all/GCF/000/746/075/GCF_000746075.1_ASM74607v1,,SAMN02910397,representative genome,386456,,,2014/08/28 0:00,,DOE Joint Genome Institute,,,,,,,,,,,,,,,,,
183,GCF_017873625.1,,,Methanobacterium petrolearium ,DSM 22353,,,,,,,https://ftp.ncbi.nlm.nih.gov/genomes/all/GCF/017/873/625/GCF_017873625.1_ASM1787362v1,,SAMN18250255,representative genome,710190,,,2021/04/08 0:00,,DOE Joint Genome Institute,,,,,,,,,,,,,,,,,
184,GCF_024170505.1,,,Methanocalculus alkaliphilus ,AMF2,,,,,,,https://ftp.ncbi.nlm.nih.gov/genomes/all/GCF/024/170/505/GCF_024170505.1_ASM2417050v1,,SAMN18243343,representative genome,768730,,,2022/07/06 0:00,,DOE Joint Genome Institute,,,,,,,,,,,,,,,,,
185,GCF_024808815.1,,,Methanosalsum natronophilum ,AME2,,,,,,,https://ftp.ncbi.nlm.nih.gov/genomes/all/GCF/024/808/815/GCF_024808815.1_ASM2480881v1,,SAMN18243005,representative genome,768733,,,2022/08/31 0:00,,DOE Joint Genome Institute,,,,,,,,,,,,,,,,,
186,GCF_016907005.1,,,Methanococcus maripaludis ,RC,,,,,,,https://ftp.ncbi.nlm.nih.gov/genomes/all/GCF/016/907/005/GCF_016907005.1_ASM1690700v1,,SAMN17620118,na,39152,,,2021/02/19 0:00,,DOE Joint Genome Institute,,,,,,,,,,,,,,,,,
187,GCF_017875815.1,,,Methanococcus maripaludis ,DSM 2771,,,,,,,https://ftp.ncbi.nlm.nih.gov/genomes/all/GCF/017/875/815/GCF_017875815.1_ASM1787581v1,,SAMN18247784,na,39152,,,2021/04/08 0:00,,DOE Joint Genome Institute,,,,,,,,,,,,,,,,,
188,GCF_900177455.1,,,Methanohalophilus portucalensis,FDF-1,,,,,,,https://ftp.ncbi.nlm.nih.gov/genomes/all/GCF/900/177/455/GCF_900177455.1_IMG-taxon_2706794887_annotated_assembly,,SAMN06264941,na,523843,,,2017/04/21 0:00,,DOE - JOINT GENOME INSTITUTE,,,,,,,,,,,,,,,,,
189,GCF_024807035.1,,,Methanococcus voltae,PS,,,,,,,https://ftp.ncbi.nlm.nih.gov/genomes/all/GCF/024/807/035/GCF_024807035.1_ASM2480703v1,,SAMN28058271,na,523842,,,2022/08/31 0:00,,DOE Joint Genome Institute,,,,,,,,,,,,,,,,,
190,GCF_900106905.1,,,Methanohalophilus halophilus ,Z-7982,,,,,,,https://ftp.ncbi.nlm.nih.gov/genomes/all/GCF/900/106/905/GCF_900106905.1_IMG-taxon_2642422606_annotated_assembly,,SAMN04515625,na,2177,,,2016/10/22 0:00,,DOE - JOINT GENOME INSTITUTE,,,,,,,,,,,,,,,,,
191,GCF_900114585.1,,Hungate 1000,Methanobrevibacter olleyae ,DSM 16632,Bovine ,,USA,Rumen,,,https://ftp.ncbi.nlm.nih.gov/genomes/all/GCF/900/114/585/GCF_900114585.1_IMG-taxon_2593339150_annotated_assembly,,SAMN02910297,na,294671,,,2016/11/02 0:00,,DOE - JOINT GENOME INSTITUTE,,,,,,,,,,,,,,,,,
192,GCF_000376965.1,,,Methanothermococcus thermolithotrophicus,DSM 2095,,,,,,,https://ftp.ncbi.nlm.nih.gov/genomes/all/GCF/000/376/965/GCF_000376965.1_ASM37696v1,,SAMN02440415,na,523845,,,2013/04/22 0:00,,DOE Joint Genome Institute,,,,,,,,,,,,,,,,,
193,GCF_900101055.1,,,Methanoculleus thermophilus ,DSM 2373,,,,,,,https://ftp.ncbi.nlm.nih.gov/genomes/all/GCF/900/101/055/GCF_900101055.1_IMG-taxon_2634166298_annotated_assembly,,SAMN04488571,na,2200,,,2019/09/20 0:00,,DOE - JOINT GENOME INSTITUTE,,,,,,,,,,,,,,,,,
194,GCF_013761055.1,,,Methanococcus maripaludis ,A4,,,,,,,https://ftp.ncbi.nlm.nih.gov/genomes/all/GCF/013/761/055/GCF_013761055.1_ASM1376105v1,,SAMN14908281,na,39152,,,2020/07/27 0:00,,DOE Joint Genome Institute,,,,,,,,,,,,,,,,,
195,GCF_013761105.1,,,Methanococcus maripaludis ,A5,,,,,,,https://ftp.ncbi.nlm.nih.gov/genomes/all/GCF/013/761/105/GCF_013761105.1_ASM1376110v1,,SAMN14908254,na,39152,,,2020/07/27 0:00,,DOE Joint Genome Institute,,,,,,,,,,,,,,,,,
196,GCF_013761045.1,,,Methanococcus maripaludis ,A1,,,,,,,https://ftp.ncbi.nlm.nih.gov/genomes/all/GCF/013/761/045/GCF_013761045.1_ASM1376104v1,,SAMN14908266,na,39152,,,2020/07/27 0:00,,DOE Joint Genome Institute,,,,,,,,,,,,,,,,,
197,GCF_014203295.1,,,Methanococcus maripaludis ,DSM 7078,,,,,,,https://ftp.ncbi.nlm.nih.gov/genomes/all/GCF/014/203/295/GCF_014203295.1_ASM1420329v1,,SAMN14908265,na,39152,,,2020/08/14 0:00,,DOE Joint Genome Institute,,,,,,,,,,,,,,,,,
198,GCF_014207315.1,,,Methanococcus maripaludis ,D1,,,,,,,https://ftp.ncbi.nlm.nih.gov/genomes/all/GCF/014/207/315/GCF_014207315.1_ASM1420731v1,,SAMN14908267,na,39152,,,2020/08/14 0:00,,DOE Joint Genome Institute,,,,,,,,,,,,,,,,,
199,GCF_017875565.1,,,Methanococcus voltae ,C4,,,,,,,https://ftp.ncbi.nlm.nih.gov/genomes/all/GCF/017/875/565/GCF_017875565.1_ASM1787556v1,,SAMN18257927,na,2188,,,2021/04/08 0:00,,DOE Joint Genome Institute,,,,,,,,,,,,,,,,,
200,GCF_017875625.1,,,Methanococcus voltae ,A2,,,,,,,https://ftp.ncbi.nlm.nih.gov/genomes/all/GCF/017/875/625/GCF_017875625.1_ASM1787562v1,,SAMN18261343,na,2188,,,2021/04/08 0:00,,DOE Joint Genome Institute,,,,,,,,,,,,,,,,,
201,GCF_017875395.1,,,Methanococcus voltae ,DSM 14649,,,,,,,https://ftp.ncbi.nlm.nih.gov/genomes/all/GCF/017/875/395/GCF_017875395.1_ASM1787539v1,,SAMN18243379,na,2188,,,2021/04/08 0:00,,DOE Joint Genome Institute,,,,,,,,,,,,,,,,,
202,GCF_002973515.1,,,Methanohalophilus euhalobius ,DSM 10369,,,,,,,https://ftp.ncbi.nlm.nih.gov/genomes/all/GCF/002/973/515/GCF_002973515.1_ASM297351v1,,SAMN06296050,na,51203,,,2018/03/06 0:00,,DOE Joint Genome Institute,,,,,,,,,,,,,,,,,
203,GCF_900215215.1,,,Methanohalophilus euhalobius ,WG-1MB,,,,,,,https://ftp.ncbi.nlm.nih.gov/genomes/all/GCF/900/215/215/GCF_900215215.1_IMG-taxon_2703719067_annotated_assembly,,SAMN06295989,na,51203,,,2017/09/21 0:00,,DOE - JOINT GENOME INSTITUTE,,,,,,,,,,,,,,,,,
204,GCF_017875325.1,,,Methanofollis,W23,,,,,,,https://ftp.ncbi.nlm.nih.gov/genomes/all/GCF/017/875/325/GCF_017875325.1_ASM1787532v1,,SAMN18258348,na,2817849,,,2021/04/08 0:00,,DOE Joint Genome Institute,,,,,,,,,,,,,,,,,
205,GCF_000744455.1,,,Methanobacterium,SMA-27,,,,,,,https://ftp.ncbi.nlm.nih.gov/genomes/all/GCF/000/744/455/GCF_000744455.1_ASM74445v1,,SAMN02745846,na,1495336,,,2014/08/28 0:00,,DOE Joint Genome Institute,,,,,,,,,,,,,,,,,
206,GCF_017875315.1,,,Methanomicrobium,W14,,,,,,,https://ftp.ncbi.nlm.nih.gov/genomes/all/GCF/017/875/315/GCF_017875315.1_ASM1787531v1,,SAMN18259159,na,2817839,,,2021/04/08 0:00,,DOE Joint Genome Institute,,,,,,,,,,,,,,,,,
207,GCF_024170265.1,,,Methanocalculus,AMF5,,,,,,,https://ftp.ncbi.nlm.nih.gov/genomes/all/GCF/024/170/265/GCF_024170265.1_ASM2417026v1,,SAMN18243395,na,1198257,,,2022/07/06 0:00,,DOE Joint Genome Institute,,,,,,,,,,,,,,,,,